--------------------------------------------------------------------------INSERTION SCRIPT-------------------------------------------------------------------------------




INSERT INTO Skill (Skill_Name) VALUES ('Java');
INSERT INTO Skill (Skill_Name) VALUES ('C');
INSERT INTO Skill (Skill_Name) VALUES ('C++');
INSERT INTO Skill (Skill_Name) VALUES ('Python');
INSERT INTO Skill (Skill_Name) VALUES ('JavaScript');
INSERT INTO Skill (Skill_Name) VALUES ('Kotlin');
INSERT INTO Skill (Skill_Name) VALUES ('PHP');
INSERT INTO Skill (Skill_Name) VALUES ('Perl');
INSERT INTO Skill (Skill_Name) VALUES ('R');
INSERT INTO Skill (Skill_Name) VALUES ('SQL');
INSERT INTO Skill (Skill_Name) VALUES ('HTML');
INSERT INTO Skill (Skill_Name) VALUES ('CSS');
INSERT INTO Skill (Skill_Name) VALUES ('MATLAB');
INSERT INTO Skill (Skill_Name) VALUES ('Communication');
INSERT INTO Skill (Skill_Name) VALUES ('Teamwork');
INSERT INTO Skill (Skill_Name) VALUES ('Leadership');
INSERT INTO Skill (Skill_Name) VALUES ('Interpersonal Skills');
INSERT INTO Skill (Skill_Name) VALUES ('Negotiation');
INSERT INTO Skill (Skill_Name) VALUES ('Time Management');
INSERT INTO Skill (Skill_Name) VALUES ('Problem Solving');
INSERT INTO Skill (Skill_Name) VALUES ('Decision Making');
INSERT INTO Skill (Skill_Name) VALUES ('Creativity');
INSERT INTO Skill (Skill_Name) VALUES ('Empathy');
INSERT INTO Skill (Skill_Name) VALUES ('Critical Thinking');
INSERT INTO Skill (Skill_Name) VALUES ('Persuasion');
INSERT INTO Skill (Skill_Name) VALUES ('Networking');
INSERT INTO Skill (Skill_Name) VALUES ('Public Speaking');
INSERT INTO Skill (Skill_Name) VALUES ('Stress Management');
INSERT INTO Skill (Skill_Name) VALUES ('Cultural Awareness');
INSERT INTO Skill (Skill_Name) VALUES ('Programming');
INSERT INTO Skill (Skill_Name) VALUES ('Database Management');
INSERT INTO Skill (Skill_Name) VALUES ('Web Development');
INSERT INTO Skill (Skill_Name) VALUES ('Data Analysis');
INSERT INTO Skill (Skill_Name) VALUES ('Machine Learning');
INSERT INTO Skill (Skill_Name) VALUES ('Graphic Design');
INSERT INTO Skill (Skill_Name) VALUES ('Project Management');
INSERT INTO Skill (Skill_Name) VALUES ('Marketing');
INSERT INTO Skill (Skill_Name) VALUES ('Content Writing');
INSERT INTO Skill (Skill_Name) VALUES ('UI/UX Design');
INSERT INTO Skill (Skill_Name) VALUES ('Networking');
INSERT INTO Skill (Skill_Name) VALUES ('Cybersecurity');
INSERT INTO Skill (Skill_Name) VALUES ('Mobile App Development');
INSERT INTO Skill (Skill_Name) VALUES ('System Administration');
INSERT INTO Skill (Skill_Name) VALUES ('Cloud Computing');
INSERT INTO Skill (Skill_Name) VALUES ('Data Science');
INSERT INTO Skill (Skill_Name) VALUES ('Artificial Intelligence');
INSERT INTO Skill (Skill_Name) VALUES ('Video Editing');
INSERT INTO Skill (Skill_Name) VALUES ('Copywriting');
INSERT INTO Skill (Skill_Name) VALUES ('Robotics');
INSERT INTO Skill (Skill_Name) VALUES ('Blockchain');
INSERT INTO Skill (Skill_Name) VALUES ('Quantum Computing');
INSERT INTO Skill (Skill_Name) VALUES ('Natural Language Processing');
INSERT INTO Skill (Skill_Name) VALUES ('Internet of Things');
INSERT INTO Skill (Skill_Name) VALUES ('Ethical Hacking');





INSERT INTO Company (CIN_No, Company_Name, Hiring_Status, City, State, About) VALUES 
('CIN033845', 'Zomato', TRUE, 'Gurugram', 'Haryana', 'Zomato is an Indian multinational restaurant aggregator and food delivery company founded in 2008.'),
('CIN033846', 'Ola Cabs', FALSE, 'Bengaluru', 'Karnataka', 'Ola Cabs, is an Indian ridesharing company offering services that include vehicle for hire and food delivery.'),
('CIN033847', 'Byju''s', FALSE, 'Bengaluru', 'Karnataka', 'Byju''s is an Indian educational technology and online tutoring firm founded in 2011 by Byju Raveendran.'),
('CIN033848', 'Infosys Limited', TRUE, 'Bengaluru', 'Karnataka', 'Infosys Limited is an Indian multinational corporation that provides business consulting, information technology, and outsourcing services.'),
('CIN033849', 'MakeMyTrip', FALSE, 'Gurugram', 'Haryana', 'MakeMyTrip Limited is an Indian online travel company founded in 2000. The company provides online travel services including flight tickets, domestic and international holiday packages, hotel reservations, and rail and bus tickets.'),
('CIN033862', 'Google', TRUE, 'Mountain View', 'California', 'Google LLC is an American multinational technology company that specializes in Internet-related services and products, which include online advertising technologies, a search engine, cloud computing, software, and hardware.'),
('CIN003201', 'Microsoft', TRUE, 'Redmond', 'Washington', 'Microsoft Corporation is an American multinational technology company that develops, manufactures, licenses, supports, and sells computer software, consumer electronics, personal computers, and related services.'),
('CIN021764', 'Apple', TRUE, 'Cupertino', 'California', 'Apple Inc. is an American multinational technology company that designs, develops, and sells consumer electronics, computer software, and online services.'),
('CIN019605', 'Amazon', TRUE, 'Seattle', 'Washington', 'Amazon.com Inc. is an American multinational technology company that focuses on e-commerce, cloud computing, digital streaming, and artificial intelligence.'),
('CIN017177', 'FacebooK', TRUE, 'Menlo Park', 'California', 'Facebook Inc. is an American social media conglomerate corporation founded in 2004. It designs, develops, and sells social media applications and services.'),
('CIN123456', 'Tesla', TRUE, 'Palo Alto', 'California', 'Tesla, Inc. is an American electric vehicle and clean energy company.'),
('CIN234567', 'SpaceX', TRUE, 'Hawthorne', 'California', 'Space Exploration Technologies Corp. is an American aerospace manufacturer and space transportation company.'),
('CIN345678', 'Netflix', FALSE, 'Los Gatos', 'California', 'Netflix, Inc. is an American over-the-top content platform and production company.'),
('CIN456789', 'Adobe', TRUE, 'San Jose', 'California', 'Adobe Inc. is an American multinational computer software company.'),
('CIN678901', 'IBM', TRUE, 'Armonk', 'New York', 'International Business Machines Corporation is an American multinational technology company.'),
('CIN789012', 'Cisco Systems, Inc.', TRUE, 'San Jose', 'California', 'Cisco Systems, Inc. is an American multinational technology conglomerate.'),
('CIN890123', 'Oracle Corporation', TRUE, 'Redwood City', 'California', 'Oracle Corporation is an American multinational computer technology corporation.'),
('CIN901234', 'Twitter', FALSE, 'San Francisco', 'California', 'Twitter, Inc. is an American microblogging and social networking service.'),
('CIN012345', 'LinkedIn Corporation', TRUE, 'Sunnyvale', 'California', 'LinkedIn Corporation is an American business and employment-oriented online service.'),
('CIN101010', 'Intel Corporation', FALSE, 'Santa Clara', 'California', 'Intel Corporation is an American multinational corporation and technology company.'),
('CIN202020', 'Uber Technologies', TRUE, 'San Francisco', 'California', 'Uber Technologies, Inc. is an American technology company.'),
('CIN303030', 'Airbnb', FALSE, 'San Francisco', 'California', 'Airbnb, Inc. is an American vacation rental online marketplace company.'),
('CIN404040', 'Ford Motor Company', TRUE, 'Dearborn', 'Michigan', 'Ford Motor Company is an American multinational automaker.'),
('CIN505050', 'General Motors Company', FALSE, 'Detroit', 'Michigan', 'General Motors Company is an American multinational corporation.'),
('CIN606060', 'Boeing Company', FALSE, 'Chicago', 'Illinois', 'The Boeing Company is an American multinational corporation.'),
('CIN707070', 'Walt Disney Company', TRUE, 'Burbank', 'California', 'The Walt Disney Company is an American diversified multinational mass media and entertainment conglomerate.'),
('CIN808080', 'AT&T', TRUE, 'Dallas', 'Texas', 'AT&T Inc. is an American multinational conglomerate holding company.'),
('CIN909090', 'Verizon Communications Inc.', TRUE, 'New York City', 'New York', 'Verizon Communications Inc. is an American multinational telecommunications conglomerate.'),
('CIN919191', 'Walmart', TRUE, 'Bentonville', 'Arkansas', 'Walmart Inc. is an American multinational retail corporation.'),
('CIN929292', 'Exxon Mobil Corporation', FALSE, 'Irving', 'Texas', 'Exxon Mobil Corporation is an American multinational oil and gas corporation.'),
('CIN939393', 'The Coca-Cola Company', TRUE, 'Atlanta', 'Georgia', 'The Coca-Cola Company is an American multinational beverage corporation.'),
('CIN949494', 'PepsiCo', TRUE, 'Purchase', 'New York', 'PepsiCo, Inc. is an American multinational food, snack, and beverage corporation.'),
('CIN959595', 'Johnson & Johnson', FALSE, 'New Brunswick', 'New Jersey', 'Johnson & Johnson is an American multinational corporation.'),
('CIN969696', 'Procter & Gamble Company', FALSE, 'Cincinnati', 'Ohio', 'Procter & Gamble Company is an American multinational consumer goods corporation.'),
('CIN979797', 'McDonald', TRUE, 'Chicago', 'Illinois', 'McDonald''s Corporation is an American multinational fast food corporation.'),
('CIN989898', 'Nike, Inc.', TRUE, 'Beaverton', 'Oregon', 'Nike, Inc. is an American multinational corporation.'),
('CIN999999', 'Starbucks Corporation', TRUE, 'Seattle', 'Washington', 'Starbucks Corporation is an American multinational chain of coffeehouses and roastery reserves.'),
('CIN101101', 'Bank of America Corporation', FALSE, 'Charlotte', 'North Carolina', 'Bank of America Corporation is an American multinational investment bank and financial services holding company.'),
('CIN202202', 'JPMorgan', TRUE, 'New York City', 'New York', 'JPMorgan Chase & Co. is an American multinational investment bank and financial services holding company.'),
('CIN303303', 'Goldman Sachs Group', TRUE, 'New York City', 'New York', 'The Goldman Sachs Group, Inc. is an American multinational investment bank and financial services company.'),
('CIN404404', 'Morgan Stanley', TRUE, 'New York City', 'New York', 'Morgan Stanley is an American multinational investment bank and financial services company.'),
('CIN606606', 'Wells Fargo & Company', TRUE, 'San Francisco', 'California', 'Wells Fargo & Company is an American multinational financial services company.'),
('CIN707707', 'American Express Company', TRUE, 'New York City', 'New York', 'American Express Company is an American multinational financial services corporation.'),
('CIN808808', 'The Home Depot', FALSE, 'Atlanta', 'Georgia', 'The Home Depot, Inc. is an American home improvement supplies retailing company.'),
('CIN909909', 'Costco Wholesale Corporation', FALSE, 'Issaquah', 'Washington', 'Costco Wholesale Corporation is an American multinational corporation.'),
('CIN010101', 'UPS (United Parcel Service)', TRUE, 'Sandy Springs', 'Georgia', 'United Parcel Service, Inc. is an American multinational package delivery and supply chain management company.'),
('CIN020202', 'FedEx Corporation', FALSE, 'Memphis', 'Tennessee', 'FedEx Corporation is an American multinational delivery services company.'),
('CIN030303', 'United Airlines Holdings, Inc.', TRUE, 'Chicago', 'Illinois', 'United Airlines Holdings, Inc. is an American multinational airline holding company.'),
('CIN040404', 'Delta Air Lines', FALSE, 'Atlanta', 'Georgia', 'Delta Air Lines, Inc. is an American multinational airline.'),
('CIN050505', 'American Airlines Group Inc.', FALSE, 'Fort Worth', 'Texas', 'American Airlines Group Inc. is an American multinational airline holding company.'),
('CIN111111', 'Sprinklr Inc.', TRUE, 'New York City', 'New York', 'Sprinklr Inc. is an American software company providing customer experience management software.'),
('CIN222222', 'D. E. Shaw', TRUE, 'New York City', 'New York', 'D. E. Shaw & Co., L.P. is a multinational investment management firm.'),
('CIN333333', 'Attlansia', TRUE, 'San Francisco', 'California', 'Attlansia, Inc. is a software development company specializing in AI and data analytics.'),
('CIN444444', 'BNY Mellon', TRUE, 'New York City', 'New York', 'BNY Mellon is an American investment banking services holding company.'),
('CIN555555', 'Adani Group', TRUE, 'Ahmedabad', 'Gujarat', 'Adani Group is an Indian multinational conglomerate company headquartered in Ahmedabad, Gujarat, India.'),
('CIN666666', 'Deutsche Bank', TRUE, 'Frankfurt', 'Hesse', 'Deutsche Bank is a multinational investment bank and financial services company.'),
('CIN777777', 'Intel Corporation', TRUE, 'Santa Clara', 'California', 'Intel Corporation is an American multinational corporation and technology company.'),
('CIN888888', 'Wipro Limited', FALSE, 'Bengaluru', 'Karnataka', 'Wipro Limited is an Indian multinational corporation that provides information technology, consulting, and business process services.'),
('CIN998999', 'NVIDIA Corporation', TRUE, 'Santa Clara', 'California', 'NVIDIA Corporation is an American multinational technology company.');





INSERT INTO Institute (Institute_ID, Institute_Name, City, Country, About) VALUES 
('INST001', 'Massachusetts Institute of Technology (MIT)', 'Cambridge', 'United States', 'Massachusetts Institute of Technology (MIT) is a private research university in Cambridge, Massachusetts.'),
('INST002', 'Stanford University', 'Stanford', 'United States', 'Stanford University is a private research university in Stanford, California.'),
('INST003', 'Harvard University', 'Cambridge', 'United States', 'Harvard University is a private Ivy League research university in Cambridge, Massachusetts.'),
('INST004', 'California Institute of Technology (Caltech)', 'Pasadena', 'United States', 'California Institute of Technology (Caltech) is a private research university in Pasadena, California.'),
('INST005', 'University of Oxford', 'Oxford', 'United Kingdom', 'The University of Oxford is a collegiate research university in Oxford, England.'),
('INST006', 'University of Cambridge', 'Cambridge', 'United Kingdom', 'The University of Cambridge is a collegiate research university in Cambridge, United Kingdom.'),
('INST007', 'ETH Zurich (Swiss Federal Institute of Technology)', 'Zurich', 'Switzerland', 'ETH Zurich (Swiss Federal Institute of Technology) is a science, technology, engineering, and mathematics university in the city of Zurich, Switzerland.'),
('INST008', 'University of California, Berkeley (UC Berkeley)', 'Berkeley', 'United States', 'The University of California, Berkeley (UC Berkeley) is a public land-grant research university in Berkeley, California.'),
('INST009', 'University of Chicago', 'Chicago', 'United States', 'The University of Chicago is a private research university in Chicago, Illinois.'),
('INST010', 'Princeton University', 'Princeton', 'United States', 'Princeton University is a private Ivy League research university in Princeton, New Jersey.'),
('INST011', 'Indian Institutes of Technology (IIT Bombay)', 'Mumbai', 'India', 'IIT Bombay is a public technical and research university located in Powai, Mumbai, India.'),
('INST012', 'Indian Institutes of Technology (IIT Delhi)', 'New Delhi', 'India', 'IIT Delhi is a public technical and research university located in Hauz Khas, New Delhi, India.'),
('INST013', 'Indian Institutes of Technology (IIT Madras)', 'Chennai', 'India', 'IIT Madras is a public technical and research university located in Chennai, India.'),
('INST014', 'Indian Institutes of Technology (IIT Kharagpur)', 'Kharagpur', 'India', 'IIT Kharagpur is a public technical and research university located in Kharagpur, India.'),
('INST015', 'Indian Institutes of Technology (IIT Kanpur)', 'Kanpur', 'India', 'IIT Kanpur is a public technical and research university located in Kanpur, India.'),
('INST016', 'Indian Institutes of Technology (IIT Roorkee)', 'Roorkee', 'India', 'IIT Roorkee is a public technical and research university located in Roorkee, India.'),
('INST017', 'Indian Institutes of Technology (IIT Guwahati)', 'Guwahati', 'India', 'IIT Guwahati is a public technical and research university located in Guwahati, India.'),
('INST018', 'Indian Institutes of Technology (IIT Hyderabad)', 'Hyderabad', 'India', 'IIT Hyderabad is a public technical and research university located in Hyderabad, India.'),
('INST019', 'Indian Institutes of Technology (IIT Indore)', 'Indore', 'India', 'IIT Indore is a public technical and research university located in Indore, India.'),
('INST020', 'Indian Institutes of Technology (IIT Ropar)', 'Rupnagar', 'India', 'IIT Ropar is a public technical and research university located in Rupnagar, India.'),
('INST021', 'Indian Institutes of Technology (IIT Bhubaneswar)', 'Bhubaneswar', 'India', 'IIT Bhubaneswar is a public technical and research university located in Bhubaneswar, India.'),
('INST022', 'Indian Institutes of Technology (IIT Gandhinagar)', 'Gandhinagar', 'India', 'IIT Gandhinagar is a public technical and research university located in Gandhinagar, India.'),
('INST023', 'Indian Institutes of Technology (IIT Jodhpur)', 'Jodhpur', 'India', 'IIT Jodhpur is a public technical and research university located in Jodhpur, India.'),
('INST024', 'Indian Institutes of Technology (IIT Patna)', 'Patna', 'India', 'IIT Patna is a public technical and research university located in Patna, India.'),
('INST025', 'Indian Institutes of Technology (IIT Mandi)', 'Mandi', 'India', 'IIT Mandi is a public technical and research university located in Mandi, India.'),
('INST026', 'Indian Institutes of Technology (IIT (BHU) Varanasi)', 'Varanasi', 'India', 'IIT (BHU) Varanasi is a public technical and research university located in Varanasi, India.'),
('INST027', 'Indian Institutes of Technology (IIT Palakkad)', 'Palakkad', 'India', 'IIT Palakkad is a public technical and research university located in Palakkad, India.'),
('INST028', 'Indian Institutes of Technology (IIT Tirupati)', 'Tirupati', 'India', 'IIT Tirupati is a public technical and research university located in Tirupati, India.'),
('INST041', 'Dhirubhai Ambani Institute of Information and Communication Technology (DAIICT)', 'Gandhinagar', 'India', 'DAIICT is a technological university located in Gandhinagar, Gujarat, India. It is named after the Gujarati entrepreneur and founder of Reliance Industries, Dhirubhai Ambani.'),
('INST042', 'Indian Institute of Management Ahmedabad (IIMA)', 'Ahmedabad', 'India', 'IIM Ahmedabad is a public business school located in Ahmedabad, Gujarat, India. It is the second Indian Institute of Management (IIM) to be established, after IIM Calcutta.'),
('INST043', 'Gujarat University', 'Ahmedabad', 'India', 'Gujarat University is a state university situated in Ahmedabad, Gujarat, India. It is an affiliating university at the undergraduate level and a teaching university at the postgraduate level.'),
('INST044', 'Nirma University', 'Ahmedabad', 'India', 'Nirma University is a private university located in Ahmedabad, Gujarat, India. It was established in 2003 as a statutory university.'),
('INST045', 'Sardar Vallabhbhai National Institute of Technology (SVNIT)', 'Surat', 'India', 'Sardar Vallabhbhai National Institute of Technology (SVNIT) is a public technical university located in Surat, Gujarat, India.'),
('INST046', 'CEPT University', 'Ahmedabad', 'India', 'CEPT University is a private university located in Ahmedabad, Gujarat, India. It specializes in the fields of Architecture, Planning, and Design.'),
('INST047', 'Gujarat Technological University (GTU)', 'Ahmedabad', 'India', 'Gujarat Technological University (GTU) is a state university located in Ahmedabad, Gujarat, India. It is a teaching and affiliating university for engineering, pharmacy, and management.'),
('INST048', 'Pandit Deendayal Petroleum University (PDPU)', 'Gandhinagar', 'India', 'Pandit Deendayal Petroleum University (PDPU) is a private university located in Gandhinagar, Gujarat, India. It specializes in petroleum engineering and energy studies.'),
('INST049', 'Dharmsinh Desai University', 'Nadiad', 'India', 'Dharmsinh Desai University is a public university located in Nadiad, Gujarat, India. It offers undergraduate and postgraduate programs in various fields including engineering, pharmacy, and management.'),
('INST050', 'Gujarat National Law University (GNLU)', 'Gandhinagar', 'India', 'Gujarat National Law University (GNLU) is a public law university located in Gandhinagar, Gujarat, India. It offers undergraduate, postgraduate, and doctoral programs in law.'),
('INST051', 'Gujarat Forensic Sciences University (GFSU)', 'Gandhinagar', 'India', 'Gujarat Forensic Sciences University (GFSU) is a state university located in Gandhinagar, Gujarat, India. It specializes in forensic science and related fields.'),
('INST052', 'Shri Ram College of Commerce (SRCC)', 'New Delhi', 'India', 'Shri Ram College of Commerce (SRCC) is a premier college of commerce and economics located in New Delhi, India. It is affiliated with the University of Delhi.'),
('INST053', 'Indian Institute of Foreign Trade (IIFT)', 'New Delhi', 'India', 'Indian Institute of Foreign Trade (IIFT) is an autonomous public business school located in New Delhi, India. It specializes in foreign trade management and international business.'),
('INST054', 'National Institute of Financial Management (NIFM)', 'Faridabad', 'India', 'National Institute of Financial Management (NIFM) is an autonomous institution under the Ministry of Finance, Government of India. It specializes in financial management and public policy.'),
('INST055', 'Institute of Chartered Accountants of India (ICAI)', 'New Delhi', 'India', 'The Institute of Chartered Accountants of India (ICAI) is a statutory body established by an Act of Parliament to regulate the profession of Chartered Accountancy in India.'),
('INST056', 'Institute of Cost Accountants of India (ICAI)', 'Kolkata', 'India', 'The Institute of Cost Accountants of India (ICAI), formerly known as the Institute of Cost and Works Accountants of India (ICWAI), is a premier professional accountancy body in India.'),
('INST057', 'Indian Institute of Management Bangalore (IIMB)', 'Bengaluru', 'India', 'Indian Institute of Management Bangalore (IIMB) is a public business school located in Bengaluru, Karnataka, India. It offers various programs in management, including finance and accounting.'),
('INST058', 'Xavier School of Management (XLRI)', 'Jamshedpur', 'India', 'Xavier School of Management (XLRI) is a private business school located in Jamshedpur, Jharkhand, India. It offers management programs with specializations in finance and related fields.'),
('INST059', 'Indian Institute of Management Ahmedabad (IIMA)', 'Ahmedabad', 'India', 'Indian Institute of Management Ahmedabad (IIMA) is a public business school located in Ahmedabad, Gujarat, India. It offers various programs in management, including finance and accounting.'),
('INST060', 'Symbiosis Centre for Management Studies (SCMS)', 'Pune', 'India', 'Symbiosis Centre for Management Studies (SCMS) is a constituent of Symbiosis International (Deemed University) located in Pune, Maharashtra, India. It offers undergraduate programs in management.'),
('INST071', 'The Doon School', 'Dehradun', 'India', 'The Doon School is a boys-only independent boarding school in Dehradun, Uttarakhand, India. It was established in 1935.'),
('INST072', 'Welham Girls'' School', 'Dehradun', 'India', 'Welham Girls'' School is a girls-only independent boarding school in Dehradun, Uttarakhand, India. It was established in 1957.'),
('INST073', 'Bishop Cotton School', 'Shimla', 'India', 'Bishop Cotton School is a boys-only independent boarding school in Shimla, Himachal Pradesh, India. It was established in 1859.'),
('INST074', 'The Lawrence School, Sanawar', 'Kasauli', 'India', 'The Lawrence School, Sanawar is a co-educational independent boarding school near Kasauli, Himachal Pradesh, India. It was established in 1847.'),
('INST075', 'The Scindia School', 'Gwalior', 'India', 'The Scindia School is a boys-only independent boarding school in Gwalior, Madhya Pradesh, India. It was established in 1897.'),
('INST076', 'La Martiniere College', 'Lucknow', 'India', 'La Martiniere College is a boys-only independent day boarding school in Lucknow, Uttar Pradesh, India. It was established in 1845.'),
('INST077', 'Modern School', 'New Delhi', 'India', 'Modern School is a co-educational independent day school in New Delhi, India. It was established in 1920.'),
('INST078', 'The Cathedral and John Connon School', 'Mumbai', 'India', 'The Cathedral and John Connon School is a co-educational independent day school in Mumbai, Maharashtra, India. It was established in 1860.'),
('INST079', 'St. Xavier''s Collegiate School', 'Kolkata', 'India', 'St. Xavier''s Collegiate School is a boys-only independent day school in Kolkata, West Bengal, India. It was established in 1860.'),
('INST080', 'The Shri Ram School', 'Gurgaon', 'India', 'The Shri Ram School is a co-educational independent day school in Gurgaon, Haryana, India. It was established in 1988.'),
('INST081', 'Dhirubhai Ambani International School', 'Surat', 'India', 'Dhirubhai Ambani International School is a co-educational independent day school in Surat, Gujarat, India. It was established in 2003.'),
('INST082', 'Delhi Public School, Surat', 'Surat', 'India', 'Delhi Public School, Surat is a co-educational independent day school in Surat, Gujarat, India. It was established in 2003.'),
('INST083', 'Arya Kanya Vidyalaya', 'Surat', 'India', 'Arya Kanya Vidyalaya is a girls-only independent day school in Surat, Gujarat, India. It was established in 1902.'),
('INST084', 'Navyug Vidyalaya', 'Surat', 'India', 'Navyug Vidyalaya is a co-educational independent day school in Surat, Gujarat, India. It was established in 1962.'),
('INST085', 'Shree Swaminarayan Gurukul', 'Surat', 'India', 'Shree Swaminarayan Gurukul is a co-educational independent day school in Surat, Gujarat, India. It follows the principles of the Swaminarayan Sampradaya.'),
('INST086', 'Ryan International School', 'Surat', 'India', 'Ryan International School is a co-educational independent day school in Surat, Gujarat, India. It is part of the Ryan International Group of Institutions.'),
('INST087', 'Bhulka Bhavan School', 'Surat', 'India', 'Bhulka Bhavan School is a co-educational independent day school in Surat, Gujarat, India. It was established in 1980.'),
('INST088', 'Aditya Birla World Academy', 'Surat', 'India', 'Aditya Birla World Academy is a co-educational independent day school in Surat, Gujarat, India. It is part of the Aditya Birla Group of Institutions.'),
('INST089', 'Vibgyor High School', 'Surat', 'India', 'Vibgyor High School is a co-educational independent day school in Surat, Gujarat, India. It is part of the Vibgyor Group of Institutions.'),
('INST090', 'Lourdes Convent High School', 'Surat', 'India', 'Lourdes Convent High School is a girls-only independent day school in Surat, Gujarat, India. It was established in 1952.');






INSERT INTO Users (User_ID, User_Name, First_Name, Middle_Name, Last_Name, DOB, Phone_No, Email_ID, Address, City, Country, Headline) VALUES 
('USR001', 'rahul sharma', 'Rahul', 'Ram', 'Sharma', '1990-05-15', '9876543210', 'rahul@gmail.com', '123 ABC Street', 'Mumbai', 'India', 'Software Engineer with 5 years of experience'),
('USR002', 'neha patel', 'Neha', 'Rajesh', 'Patel', '1985-08-20', '9876543211', 'neha@gmail.com', '456 XYZ Road', 'Ahmedabad', 'India', 'Marketing Professional with expertise in digital marketing'),
('USR003', 'rohan yadav', 'Rohan', 'Ramesh', 'Yadav', '1992-02-10', '9876543212', 'rohan@gmail.com', '789 PQR Lane', 'Delhi', 'India', 'Business Analyst specializing in data analysis'),
('USR004', 'priya shah', 'Priya', 'Prakash', 'Shah', '1988-11-25', '9876543213', 'priya@gmail.com', '101 GHI Avenue', 'Surat', 'India', 'HR Professional with experience in recruitment and employee relations'),
('USR005', 'aniket desai', 'Aniket', 'Ashok', 'Desai', '1993-04-30', '9876543214', 'aniket@gmail.com', '202 LMN Street', 'Pune', 'India', 'Software Developer specializing in web development'),
('USR006', 'divya gupta', 'Divya', 'Alok', 'Gupta', '1991-09-18', '9876543215', 'divya@gmail.com', '303 JKL Avenue', 'Jaipur', 'India', 'Financial Analyst with expertise in investment banking'),
('USR007', 'amit verma', 'Amit', 'Anil', 'Verma', '1987-07-12', '9876543216', 'amit@gmail.com', '404 MNO Road', 'Chandigarh', 'India', 'Sales Manager with a track record of exceeding targets'),
('USR008', 'sneha singh', 'Sneha', 'Sunil', 'Singh', '1995-03-25', '9876543217', 'sneha@gmail.com', '505 PQR Lane', 'Kolkata', 'India', 'Graphic Designer passionate about creating impactful designs'),
('USR009', 'vikas sharma', 'Vikas', 'Vivek', 'Sharma', '1983-11-08', '9876543218', 'vikas@gmail.com', '606 STU Street', 'Lucknow', 'India', 'Supply Chain Manager with experience in logistics and operations'),
('USR010', 'pooja joshi', 'Pooja', 'Pradeep', 'Joshi', '1990-06-30', '9876543219', 'pooja@gmail.com', '707 UVW Road', 'Hyderabad', 'India', 'Human Resources Professional specializing in talent acquisition'),
('USR011', 'ananya sharma', 'Ananya', 'Arun', 'Sharma', '1994-02-28', '9876543220', 'ananya@gmail.com', '808 XYZ Street', 'Bangalore', 'India', 'Product Manager with experience in product development and strategy'),
('USR012', 'saurabh singh', 'Saurabh', 'Sanjay', 'Singh', '1989-10-10', '9876543221', 'saurabh@gmail.com', '909 ABC Road', 'Noida', 'India', 'Software Architect specializing in scalable solutions'),
('USR013', 'mohit mehta', 'Mohit', 'Mahesh', 'Mehta', '1997-07-05', '9876543222', 'mohit@gmail.com', '1010 LMN Lane', 'Chennai', 'India', 'Digital Marketing Specialist with expertise in SEO and SEM'),
('USR014', 'shreya patel', 'Shreya', 'Suresh', 'Patel', '1992-05-20', '9876543223', 'shreya@gmail.com', '1111 PQR Avenue', 'Ahmedabad', 'India', 'Content Writer passionate about storytelling'),
('USR015', 'vikram verma', 'Vikram', 'Vikas', 'Verma', '1986-12-15', '9876543224', 'vikram@gmail.com', '1212 STU Street', 'Pune', 'India', 'Financial Analyst with expertise in financial modeling and forecasting'),
('USR016', 'tanvi joshi', 'Tanvi', 'Tejas', 'Joshi', '1993-08-08', '9876543225', 'tanvi@gmail.com', '1313 UVW Road', 'Mumbai', 'India', 'UX/UI Designer with a focus on user-centered design'),
('USR017', 'aditya shah', 'Aditya', 'Amit', 'Shah', '1984-04-22', '9876543226', 'aditya@gmail.com', '1414 JKL Lane', 'Delhi', 'India', 'Project Manager experienced in leading cross-functional teams'),
('USR018', 'anushka singh', 'Anushka', 'Anil', 'Singh', '1990-11-12', '9876543227', 'anushka@gmail.com', '1515 MNO Road', 'Kolkata', 'India', 'Data Scientist with expertise in machine learning algorithms'),
('USR019', 'arjun gupta', 'Arjun', 'Alok', 'Gupta', '1988-03-17', '9876543228', 'arjun@gmail.com', '1616 PQR Avenue', 'Chandigarh', 'India', 'Business Development Manager with a focus on client acquisition'),
('USR020', 'ishaan sharma', 'Ishaan', 'Indra', 'Sharma', '1995-09-03', '9876543229', 'ishaan@gmail.com', '1717 ABC Street', 'Jaipur', 'India', 'Software Engineer with expertise in full-stack development'),
('USR021', 'kritika mehta', 'Kritika', 'Kamal', 'Mehta', '1987-06-25', '9876543230', 'kritika@gmail.com', '1818 XYZ Road', 'Hyderabad', 'India', 'HR Manager specializing in employee engagement and retention'),
('USR022', 'akash patel', 'Akash', 'Ankit', 'Patel', '1991-12-10', '9876543231', 'akash@gmail.com', '1919 LMN Lane', 'Surat', 'India', 'Marketing Executive with experience in social media management'),
('USR023', 'urvashi shah', 'Urvashi', 'Uday', 'Shah', '1989-02-14', '9876543232', 'urvashi@gmail.com', '2020 PQR Avenue', 'Nagpur', 'India', 'Content Strategist passionate about creating compelling brand narratives'),
('USR024', 'devansh verma', 'Devansh', 'Dinesh', 'Verma', '1996-08-30', '9876543233', 'devansh@gmail.com', '2121 STU Street', 'Ahmedabad', 'India', 'Data Analyst with expertise in data visualization and interpretation'),
('USR025', 'radhika joshi', 'Radhika', 'Rajesh', 'Joshi', '1993-04-05', '9876543234', 'radhika@gmail.com', '2222 UVW Road', 'Chennai', 'India', 'Digital Marketing Manager specializing in content strategy and brand management'),
('USR026', 'sachin sharma', 'Sachin', 'Devendra', 'Sharma', '1995-11-12', '9876543235', 'sachin@gmail.com', '2323 XYZ Avenue', 'Mumbai', 'India', 'Software Engineer experienced in full-stack development and cloud computing'),
('USR027', 'priya patel', 'Priya', 'Singh', 'Patel', '1994-07-18', '9876543236', 'priya@gmail.com', '2424 ABC Street', 'Delhi', 'India', 'Human Resources Specialist with expertise in talent acquisition and employee relations'),
('USR028', 'rohit gupta', 'Rohit', 'Rakesh', 'Gupta', '1997-02-25', '9876543237', 'rohit@gmail.com', '2525 PQR Road', 'Kolkata', 'India', 'Financial Analyst specializing in financial modeling and risk management'),
('USR029', 'neha singh', 'Neha', 'Amit', 'Singh', '1996-09-15', '9876543238', 'neha@gmail.com', '2626 LMN Lane', 'Bangalore', 'India', 'Marketing Manager with a track record of successful brand campaigns'),
('USR030', 'akash patel', 'Akash', 'Varma', 'Patel', '1993-03-20', '9876543239', 'akash@gmail.com', '2727 UVW Street', 'Chennai', 'India', 'Sales Executive experienced in B2B sales and client relationship management'),
('USR031', 'tanvi shah', 'Tanvi', 'Vikas', 'Shah', '1998-10-08', '9876543240', 'tanvi@gmail.com', '2828 MNO Avenue', 'Pune', 'India', 'UX/UI Designer passionate about creating intuitive user experiences'),
('USR032', 'aman patel', 'Aman', 'Sunil', 'Patel', '1991-06-25', '9876543241', 'aman@gmail.com', '2929 UVW Lane', 'Hyderabad', 'India', 'Product Manager with expertise in product development and launch strategies'),
('USR033', 'rohan shah', 'Rohan', 'Mukesh', 'Shah', '1994-12-03', '9876543242', 'rohan@gmail.com', '3030 STU Road', 'Jaipur', 'India', 'Business Analyst with experience in data analysis and market research'),
('USR034', 'ananya gupta', 'Ananya', 'Vikram', 'Gupta', '1990-08-17', '9876543243', 'ananya@gmail.com', '3131 XYZ Lane', 'Lucknow', 'India', 'Content Writer specializing in SEO-driven content creation'),
('USR035', 'vivek sharma', 'Vivek', 'Rahul', 'Sharma', '1992-04-29', '9876543244', 'vivek@gmail.com', '3232 ABC Avenue', 'Gurgaon', 'India', 'Software Developer with expertise in web application development and optimization'),
('USR250', 'AlexJSmith', 'Alexander', 'John', 'Smith', '1987-02-15', '+1234567890', 'alexjsmith@example.com', '123 Main Street', 'Toronto', 'Canada', 'Software Engineer with a passion for problem-solving'),
('USR251', 'EmmaMJohnson', 'Emma', 'Michael', 'Johnson', '1995-10-03', '+1987654321', 'emmamjohnson@example.com', '456 Oak Avenue', 'Sydney', 'Australia', 'Digital Marketing Specialist helping businesses grow online'),
('USR252', 'WilliamDBrown', 'William', 'David', 'Brown', '1983-04-21', '+1765432109', 'williamdbrown@example.com', '789 Pine Road', 'London', 'United Kingdom', 'Experienced Financial Analyst with a focus on strategic planning'),
('USR253', 'OliviaJJones', 'Olivia', 'James', 'Jones', '1978-11-09', '+1345678901', 'oliviajjones@example.com', '1010 Elm Street', 'Paris', 'France', 'Passionate Teacher dedicated to inspiring the next generation'),
('USR254', 'MichaelWDavis', 'Michael', 'William', 'Davis', '2000-03-28', '+1654321876', 'michaelwdavis@example.com', '234 Maple Lane', 'Berlin', 'Germany', 'Graphic Designer with a flair for creativity and attention to detail'),
('USR255', 'SophiaDMartinez', 'Sophia', 'Daniel', 'Martinez', '1991-07-12', '+1876543210', 'sophiadmartinez@example.com', '567 Cedar Drive', 'Madrid', 'Spain', 'Healthcare Professional dedicated to providing compassionate care'),
('USR256', 'EthanSGarcia', 'Ethan', 'Samuel', 'Garcia', '1989-12-05', '+1209876543', 'ethansgarcia@example.com', '890 Walnut Street', 'Tokyo', 'Japan', 'Tech Enthusiast passionate about exploring new technologies'),
('USR257', 'IsabellaDRodriguez', 'Isabella', 'David', 'Rodriguez', '1975-09-17', '+1987654321', 'isabelladrodriguez@example.com', '111 Pinecrest Avenue', 'Rome', 'Italy', 'Fashion Designer with a unique sense of style and innovation'),
('USR258', 'DanielBMiller', 'Daniel', 'Benjamin', 'Miller', '1982-05-06', '+1765432109', 'danielbmiller@example.com', '222 Elmwood Drive', 'Auckland', 'New Zealand', 'Environmental Scientist dedicated to protecting our planet'),
('USR259', 'MiaMMartinez', 'Mia', 'Matthew', 'Martinez', '1998-08-30', '+1345678901', 'miammartinez@example.com', '333 Oakwood Court', 'Rio de Janeiro', 'Brazil', 'Travel Blogger exploring the world one destination at a time'),
('USR260', 'MatthewAWilson', 'Matthew', 'Andrew', 'Wilson', '1987-02-15', '+1654321876', 'matthewawilson@example.com', '444 Birch Street', 'Cape Town', 'South Africa', 'Fitness Coach empowering individuals to live a healthy lifestyle'),
('USR261', 'CharlotteWAnderson', 'Charlotte', 'William', 'Anderson', '1995-10-03', '+1876543210', 'charlottewanderson@example.com', '555 Willow Avenue', 'Dublin', 'Ireland', 'Business Consultant helping companies achieve their goals'),
('USR262', 'JamesRTaylor', 'James', 'Richard', 'Taylor', '1983-04-21', '+1209876543', 'jamesrtaylor@example.com', '666 Cedar Lane', 'Amsterdam', 'Netherlands', 'Journalist committed to delivering accurate and compelling news stories');






INSERT INTO Education (Education_ID, User_ID, Institute_ID, Degree, Grade, Start_Date, End_Date, Field_Of_Study, Description) VALUES

('EDU001', 'USR001', 'INST077', 'High School', 8.5, '2004-09-01', '2010-05-31', 'General Studies', 'Completed high school with honors'),
('EDU002', 'USR001', 'INST001', 'Bachelor of Technology', 9.2, '2010-08-15', '2014-06-30', 'Computer Science', 'Graduated with distinction'),

('EDU003', 'USR002', 'INST085', 'High School', 8.2, '2003-09-01', '2009-06-01', 'General Studies', 'Completed high school with honors'),
('EDU004', 'USR002', 'INST055', 'Bachelor of Business Administration', 8.9, '2009-08-20', '2013-06-15', 'Marketing', 'Graduated with distinction'),

('EDU005', 'USR003', 'INST053', 'High School', 8.7, '2005-09-15', '2011-06-15', 'General Studies', 'Completed high school with honors'),
('EDU006', 'USR003', 'INST057', 'Bachelor of Commerce', 7.8, '2011-08-01', '2015-06-30', 'Economics', 'Graduated with honors'),

('EDU007', 'USR004', 'INST055', 'High School', 9.0, '2006-08-01', '2012-06-01', 'General Studies', 'Completed high school with distinction'),
('EDU008', 'USR004', 'INST084', 'Bachelor of Business Administration', 8.6, '2012-08-15', '2016-06-30', 'Buisness Administration', 'Graduated with honors'),
('EDU061', 'USR004', 'INST084', 'Master of Business Administration', 8.7, '2012-08-15', '2016-06-30', 'Buisness Administration', 'Graduated with honors'),

('EDU009', 'USR005', 'INST079', 'High School', 7.5, '2004-09-01', '2010-06-01', 'General Studies', 'Completed high school'),
('EDU010', 'USR005', 'INST014', 'Bachelor of Science', 8.0, '2010-08-20', '2014-06-15', 'Computer Science', 'Graduated with honors'),
('EDU070', 'USR005', 'INST025', 'Master of Technology', 8.0, '2010-08-20', '2014-06-15', 'Computer Science', 'Graduated with honors'),

('EDU011', 'USR006', 'INST090', 'High School', 8.8, '2005-09-15', '2011-06-15', 'General Studies', 'Completed high school with honors'),
('EDU012', 'USR006', 'INST021', 'Bachelor of Engineering', 9.5, '2011-08-01', '2015-06-30', 'Electrical Engineering', 'Graduated with highest honors'),

('EDU013', 'USR007', 'INST052', 'High School', 8.0, '2004-08-01', '2010-06-01', 'General Studies', 'Completed high school'),
('EDU014', 'USR007', 'INST087', 'Bachelor of Commerce', 7.2, '2010-08-20', '2014-06-15', 'Accounting', 'Graduated with distinction'),
('EDU071', 'USR007', 'INST087', 'Master of Commerce', 7.9, '2010-08-20', '2014-06-15', 'Accounting', 'Graduated with distinction'),

('EDU015', 'USR008', 'INST082', 'High School', 7.8, '2003-09-01', '2009-06-01', 'General Studies', 'Completed high school with honors'),
('EDU016', 'USR008', 'INST088', 'Bachelor of Fine Arts', 8.4, '2009-08-15', '2013-06-30', 'Graphic Design', 'Graduated with honors'),

('EDU017', 'USR009', 'INST056', 'High School', 8.6, '2006-08-01', '2012-06-01', 'General Studies', 'Completed high school with honors'),
('EDU018', 'USR009', 'INST052', 'Bachelor of Science in Business Administration', 9.0, '2012-08-20', '2016-06-15', 'Business Administration', 'Graduated with distinction'),

('EDU019', 'USR010', 'INST074', 'High School', 7.2, '2007-09-01', '2013-06-01', 'General Studies', 'Completed high school'),
('EDU020', 'USR010', 'INST012', 'Bachelor of Human Resources Management', 7.8, '2013-08-15', '2017-06-30', 'Human Resources Management', 'Graduated with honors'),

('EDU021', 'USR011', 'INST072', 'High School', 9.5, '2004-09-15', '2010-06-15', 'General Studies', 'Completed high school with highest honors'),
('EDU022', 'USR011', 'INST046', 'Bachelor of Fine Arts', 8.2, '2010-08-01', '2014-06-30', 'Interior Design', 'Graduated with honors'),
('EDU073', 'USR011', 'INST046', 'Bachelor of Fine Arts', 8.2, '2010-08-01', '2014-06-30', 'Interior Design', 'Graduated with honors'),

('EDU023', 'USR012', 'INST075', 'High School', 8.9, '2005-08-01', '2011-06-01', 'General Studies', 'Completed high school with honors'),
('EDU024', 'USR012', 'INST016', 'Bachelor of Science in Engineering', 9.7, '2011-08-20', '2015-06-15', 'Mechanical Engineering', 'Graduated with highest honors'),

('EDU025', 'USR013', 'INST080', 'High School', 7.8, '2003-09-01', '2009-06-01', 'General Studies', 'Completed high school'),
('EDU026', 'USR013', 'INST017', 'Bachelor of Science', 8.3, '2009-08-15', '2013-06-30', 'Computer Science', 'Graduated with honors'),

('EDU027', 'USR014', 'INST047', 'High School', 8.4, '2006-08-01', '2012-06-01', 'General Studies', 'Completed high school with honors'),
('EDU028', 'USR014', 'INST084', 'Bachelor of Laws', 8.7, '2012-08-20', '2016-06-15', 'Law', 'Graduated with distinction'),

('EDU029', 'USR015', 'INST074', 'High School', 7.0, '2007-09-01', '2013-06-01', 'General Studies', 'Completed high school'),
('EDU030', 'USR015', 'INST085', 'Bachelor of Medicine', 9.6, '2013-08-15', '2019-06-30', 'Medicine', 'Graduated with highest honors'),

('EDU031', 'USR016', 'INST085', 'High School', 8.2, '2007-09-01', '2013-06-01', 'General Studies', 'Completed high school'),
('EDU032', 'USR016', 'INST021', 'Bachelor of Technology', 8.5, '2013-08-15', '2017-06-30', 'Architect Engineering', 'Graduated with highest honors'),

('EDU033', 'USR017', 'INST082', 'High School', 8.7, '2005-08-01', '2011-06-01', 'General Studies', 'Completed high school with honors'),
('EDU034', 'USR017', 'INST087', 'Bachelor of Science in Nursing', 9.5, '2011-08-20', '2015-06-15', 'Nursing', 'Graduated with highest honors'),

('EDU035', 'USR018', 'INST087', 'High School', 8.0, '2003-09-01', '2009-06-01', 'General Studies', 'Completed high school'),
('EDU036', 'USR018', 'INST010', 'Bachelor of Science in Education', 8.4, '2009-08-15', '2013-06-30', 'Education', 'Graduated with honors'),

('EDU037', 'USR019', 'INST084', 'High School', 7.6, '2006-08-01', '2012-06-01', 'General Studies', 'Completed high school with honors'),
('EDU038', 'USR019', 'INST020', 'Bachelor of Science', 8.8, '2012-08-20', '2016-06-15', 'Psychology', 'Graduated with distinction'),

('EDU039', 'USR020', 'INST085', 'High School', 8.2, '2007-09-01', '2013-06-01', 'General Studies', 'Completed high school'),
('EDU040', 'USR020', 'INST090', 'Bachelor of Science in Economics', 9.0, '2013-08-15', '2017-06-30', 'Economics', 'Graduated with highest honors'),

('EDU041', 'USR021', 'INST075', 'High School', 8.2, '2007-09-01', '2013-06-01', 'General Studies', 'Completed high school'),
('EDU042', 'USR021', 'INST022', 'Bachelor of Technology', 9.0, '2013-08-15', '2017-06-30', 'Mechanical Engineering', 'Graduated with highest honors'),

('EDU043', 'USR022', 'INST073', 'High School', 8.2, '2007-09-01', '2013-06-01', 'General Studies', 'Completed high school'),
('EDU044', 'USR022', 'INST024', 'Bachelor of Technology', 9.0, '2013-08-15', '2017-06-30', 'Electronics Engineering', 'Graduated with highest honors'),

('EDU045', 'USR023', 'INST077', 'High School', 8.2, '2007-09-01', '2013-06-01', 'General Studies', 'Completed high school'),
('EDU046', 'USR023', 'INST024', 'Bachelor of Technology', 8.7, '2013-08-15', '2017-06-30', 'Chemical Engineering', 'Graduated with highest honors'),

('EDU047', 'USR024', 'INST087', 'High School', 8.2, '2007-09-01', '2013-06-01', 'General Studies', 'Completed high school'),
('EDU048', 'USR024', 'INST023', 'Bachelor of Technology', 9.0, '2013-08-15', '2017-06-30', 'Electrical Engineering', 'Graduated with highest honors'),

('EDU049', 'USR025', 'INST085', 'High School', 8.2, '2007-09-01', '2013-06-01', 'General Studies', 'Completed high school'),
('EDU050', 'USR025', 'INST021', 'Bachelor of Technology', 8.2, '2013-08-15', '2017-06-30', 'Architect Engineering', 'Graduated with highest honors'),

('EDU051', 'USR026', 'INST086', 'High School', 8.2, '2007-09-01', '2013-06-01', 'General Studies', 'Completed high school'),
('EDU052', 'USR026', 'INST026', 'Bachelor of Technology', 7.6, '2013-08-15', '2017-06-30', 'Civil Engineering', 'Graduated with highest honors'),

('EDU053', 'USR027', 'INST090', 'High School', 8.2, '2007-09-01', '2013-06-01', 'General Studies', 'Completed high school'),
('EDU054', 'USR027', 'INST027', 'Bachelor of Technology', 7.7, '2013-08-15', '2017-06-30', 'Information Technology', 'Graduated with highest honors'),

('EDU055', 'USR028', 'INST082', 'High School', 8.2, '2007-09-01', '2013-06-01', 'General Studies', 'Completed high school'),
('EDU056', 'USR028', 'INST025', 'Bachelor of Technology', 9.0, '2013-08-15', '2017-06-30', 'Computer Science', 'Graduated with highest honors'),

('EDU057', 'USR029', 'INST081', 'High School', 8.2, '2007-09-01', '2013-06-01', 'General Studies', 'Completed high school'),
('EDU058', 'USR029', 'INST024', 'Bachelor of Technology', 7.9, '2013-08-15', '2017-06-30', 'Electrical Engineering', 'Graduated with highest honors'),

('EDU059', 'USR030', 'INST085', 'High School', 8.2, '2007-09-01', '2013-06-01', 'General Studies', 'Completed high school'),
('EDU060', 'USR030', 'INST022', 'Bachelor of Technology', 9.0, '2013-08-15', '2017-06-30', 'Mechanical Engineering', 'Graduated with highest honors');






INSERT INTO Groups (Group_ID, Group_Name) VALUES
('GRP001', 'AI ML'),
('GRP002', 'Human Resources'),
('GRP003', 'Flutter Development'),
('GRP004', 'Data Science'),
('GRP005', 'Frontend Development'),
('GRP006', 'Backend Development'),
('GRP007', 'Mobile App Development'),
('GRP008', 'UI/UX Design'),
('GRP009', 'Cloud Computing'),
('GRP010', 'Cybersecurity'),
('GRP011', 'DevOps'),
('GRP012', 'Blockchain'),
('GRP013', 'Human Resources'),
('GRP014', 'Finance'),
('GRP015', 'Customer Support');






INSERT INTO Comment (Comment_ID, Post_ID, User_ID, Description, Commented_Date, Updated_Date)
VALUES 
('CMT001', 'PST001', 'USR250', 'Great update! Looking forward to hearing more about your projects.', '2010-04-02', '2024-04-02'),
('CMT002', 'PST001', 'USR251', 'Exciting times indeed! Keep up the good work.', '2010-04-02', '2024-04-02'),
('CMT003', 'PST002', 'USR252', 'I found your insights very helpful. Thanks for sharing!', '2010-04-03', '2024-04-03'),
('CMT004', 'PST002', 'USR253', 'Digital marketing is such an evolving field. Lets discuss more!', '2010-04-03', '2024-04-03'),
('CMT005', 'PST003', 'USR254', 'Data analysis is crucial for business growth. Keep it up!', '2015-04-03', '2024-04-03'),
('CMT006', 'PST003', 'USR255', 'Agreed! Data-driven decisions are the way forward.', '2015-04-03', '2024-04-03'),
('CMT007', 'PST004', 'USR256', 'Insightful post. HR practices are key to employee satisfaction.', '2020-04-04', '2024-04-05'),
('CMT008', 'PST004', 'USR257', 'Employee relations are indeed crucial for a healthy work environment.', '2020-04-04', '2024-04-05'),
('CMT009', 'PST005', 'USR258', 'Excited to hear about your web development projects!', '2008-04-06', '2024-04-06'),
('CMT010', 'PST005', 'USR259', 'Wishing you all the best for your projects!', '2008-04-06', '2024-04-06'),
('CMT011', 'PST006', 'USR260', 'Investment banking is a fascinating field. Share more insights!', '2013-04-07', '2024-04-07'),
('CMT012', 'PST006', 'USR261', 'Absolutely! Looking forward to learning more about investment strategies.', '2013-04-07', '2024-04-07'),
('CMT013', 'PST013', 'USR013', 'Thanks for sharing the latest digital marketing trends.', '2004-04-13', '2009-04-14'),
('CMT014', 'PST014', 'USR014', 'Compelling content stories indeed!', '2009-04-14', '2014-04-15'),
('CMT015', 'PST015', 'USR015', 'Financial trends forecasting is crucial for businesses.', '2014-04-15', '2019-04-16'),
('CMT016', 'PST016', 'USR016', 'User-centric design is the way to go!', '2019-04-16', '2024-04-17'),
('CMT017', 'PST017', 'USR017', 'Leading cross-functional teams requires great skill.', '2007-04-17', '2007-04-18'),
('CMT018', 'PST018', 'USR018', 'Machine learning insights are invaluable.', '2012-04-18', '2012-04-19'),
('CMT019', 'PST019', 'USR019', 'Business development strategies are essential for growth.', '2012-04-19', '2012-04-19'),
('CMT020', 'PST020', 'USR020', 'Looking forward to updates on full-stack development.', '2017-04-20', '2022-04-21'),
('CMT021', 'PST021', 'USR021', 'Employee engagement is key to organizational success.', '2001-04-21', '2005-04-22'),
('CMT022', 'PST022', 'USR022', 'Great tips for social media management!', '2005-04-22', '2010-04-23'),
('CMT023', 'PST023', 'USR023', 'Effective storytelling is crucial for brand narratives.', '2010-04-23', '2015-04-24'),
('CMT024', 'PST024', 'USR024', 'Visualizing data trends aids in better decision-making.', '2015-04-24', '2020-04-25'),
('CMT025', 'PST025', 'USR025', 'Managing digital marketing campaigns requires skill.', '2020-04-25', '2024-04-26'),
('CMT026', 'PST025', 'USR025', 'Great insights! Digital marketing is ever-evolving.', '2020-04-25', '2024-04-26'),
('CMT027', 'PST025', 'USR025', 'Agreed! Digital marketing success is crucial for brands.', '2020-04-25', '2024-04-26'),
('CMT028', 'PST026', 'USR001', 'Interesting insights on new software development methodologies.', '2015-04-02', '2010-04-02'),
('CMT029', 'PST026', 'USR026', 'Software development methodologies are evolving rapidly.', '2015-04-02', '2010-04-02'),
('CMT030', 'PST026', 'USR027', 'Thanks for sharing your experience!', '2015-04-02', '2010-04-02'),
('CMT031', 'PST026', 'USR028', 'Looking forward to learning more about new methodologies.', '2015-04-02', '2010-04-02'), 
('CMT032', 'PST032', 'USR031', 'Setting new sales targets and strategies is key for business growth.', '2023-04-08', '2013-04-07'),
('CMT033', 'PST033', 'USR032', 'Finding inspiration from nature can lead to some amazing design projects!', '2010-04-09', '2007-04-10'),
('CMT034', 'PST034', 'USR033', 'Implementing lean principles in logistics operations is a smart move for cost savings.', '2011-04-09', '2006-04-10'),
('CMT035', 'PST035', 'USR034', 'Employer branding is indeed important in talent acquisition.', '2016-04-12', '2011-04-11'),
('CMT036', 'PST036', 'USR035', 'Insights into the future of product development are always valuable.', '2021-04-13', '2016-04-12'),
('CMT037', 'PST037', 'USR026', 'Incorporating user feedback into software design processes is essential for user satisfaction.', '2009-04-14', '2004-04-13'),
('CMT038', 'PST038', 'USR027', 'Exploring content marketing strategies can lead to better audience engagement.', '2014-04-15', '2009-04-14'),
('CMT039', 'PST039', 'USR028', 'Analyzing the impact of content marketing on brand awareness is crucial for marketing success.', '2019-04-16', '2014-04-15'),
('CMT040', 'PST040', 'USR029', 'Predicting financial market trends using advanced data analytics techniques is impressive!', '2024-04-17', '2019-04-16'),
('CMT041', 'PST041', 'USR030', 'Creating seamless user experiences through intuitive design is a worthy goal.', '2007-04-18', '2002-04-17'),
('CMT042', 'PST042', 'USR031', 'Leading successful project collaborations across departments requires strong leadership.', '2012-04-19', '2007-04-18'),
('CMT043', 'PST043', 'USR032', 'Applying machine learning algorithms to customer data can lead to personalized recommendations.', '2017-04-20', '2012-04-19'),
('CMT044', 'PST044', 'USR033', 'Expanding business networks through strategic partnerships is a smart strategy.', '2022-04-21', '2017-04-20');
('CMT045', 'PST027', 'USR026', 'Exploring advanced digital marketing strategies sounds intriguing!', '2020-04-04', '2015-04-03'),
('CMT046', 'PST028', 'USR027', 'Teaching data analysis techniques is essential for informed decision-making.', '2024-04-05', '2020-04-04'),
('CMT047', 'PST029', 'USR028', 'Improving employee relations is crucial for a healthy work environment.', '2003-04-05', '2003-04-05'),
('CMT048', 'PST030', 'USR029', 'Innovative approaches to web development can definitely enhance user experiences.', '2008-04-06', '2008-04-06'),
('CMT049', 'PST031', 'USR030', 'Exploring investment opportunities in emerging markets is exciting!', '2013-04-07', '2013-04-07'),
('CMT050', 'PST007', 'USR262', 'Congratulations on your sales achievements! Keep setting those goals high.', '2018-04-08', '2024-04-08'),
('CMT051', 'PST007', 'USR001', 'Thats an impressive milestone! Here is to even greater success ahead.', '2018-04-08', '2024-04-08'),
('CMT052', 'PST008', 'USR002', 'Your design concepts are always fresh and innovative. Can not wait to see what you come up with next!', '2023-04-09', '2024-04-09'),
('CMT053', 'PST008', 'USR003', 'Your work is a testament to your creative genius. Looking forward to more inspiration.', '2023-04-09', '2024-04-09'),
('CMT054', 'PST009', 'USR004', 'Optimizing logistics processes is crucial for operational efficiency. Keep up the great work!', '2006-04-10', '2024-04-10'),
('CMT055', 'PST009', 'USR005', 'Absolutely! Streamlining operations leads to cost savings and better service delivery.', '2006-04-10', '2024-04-10'),
('CMT056', 'PST010', 'USR006', 'Talent acquisition strategies are fundamental for attracting top talent. Share your insights!', '2011-04-11', '2024-04-11'),
('CMT057', 'PST010', 'USR007', 'Finding the right talent is a game-changer for any organization. Looking forward to your expertise!', '2011-04-11', '2024-04-11'),
('CMT058', 'PST011', 'USR008', 'Excited to hear about your product development journey! It is always inspiring to see innovation in action.', '2016-04-12', '2024-04-12'),
('CMT059', 'PST011', 'USR009', 'Product development is the heart of innovation. Wishing you success in your endeavors!', '2016-04-12', '2024-04-12'),
('CMT060', 'PST012', 'USR012', 'Scalable solutions are essential for complex problems.', '2016-04-12', '2021-04-13');






INSERT INTO Group_Members (Group_ID, User_ID, Is_Leader) VALUES
('GRP001', 'USR001', TRUE),  
('GRP001', 'USR002', FALSE), 
('GRP002', 'USR002', TRUE),  
('GRP002', 'USR003', FALSE), 
('GRP003', 'USR001', TRUE),  
('GRP003', 'USR003', FALSE), 
('GRP004', 'USR004', TRUE),  
('GRP004', 'USR005', FALSE), 
('GRP005', 'USR003', TRUE),  
('GRP005', 'USR005', FALSE), 
('GRP006', 'USR004', TRUE),  
('GRP006', 'USR001', FALSE), 
('GRP007', 'USR002', TRUE),  
('GRP007', 'USR004', FALSE), 
('GRP008', 'USR005', TRUE),  
('GRP008', 'USR001', FALSE), 
('GRP008', 'USR015', TRUE),
('GRP009', 'USR016', FALSE),
('GRP010', 'USR017', FALSE),
('GRP011', 'USR018', FALSE),
('GRP012', 'USR019', FALSE),
('GRP013', 'USR020', FALSE),
('GRP014', 'USR021', TRUE),
('GRP015', 'USR022', FALSE),
('GRP014', 'USR023', FALSE),
('GRP012', 'USR024', FALSE),
('GRP001','USR003','FALSE'),
('GRP001','USR004','TRUE'),
('GRP003','USR004','FALSE');
('GRP006', 'USR025', FALSE);





INSERT INTO Offered_Jobs (Job_Role, CIN_No, Job_Description, Vacancy, Last_Date_To_Apply) VALUES 

('Software Engineer', 'CIN033845', 'Lead the development and maintenance of software applications.', 3, '2024-05-15'),
('Marketing Analyst', 'CIN033845', 'Analyze market trends and consumer behavior to optimize marketing strategies.', 2, '2024-05-20'),
('Operations Manager', 'CIN033845', 'Oversee day-to-day operations and ensure efficient workflow.', 4, '2024-05-25'),

('Customer Support Executive', 'CIN033846', 'Assist customers with booking inquiries and resolve issues.', 3, '2024-05-20'),
('Business Development Manager', 'CIN033846', 'Identify and pursue new business opportunities for the company.', 2, '2024-05-25'),

('Content Creator', 'CIN033847', 'Develop engaging educational content for online learning modules.', 4, '2024-05-15'),
('Sales Executive', 'CIN033847', 'Promote educational products and services to potential customers.', 3, '2024-05-20'),

('Software Developer', 'CIN033848', 'Design, develop, and test software applications.', 5, '2024-05-15'),
('Business Analyst', 'CIN033848', 'Gather and analyze business requirements to develop software solutions.', 3, '2024-05-20'),
 
('Travel Consultant', 'CIN033849', 'Assist customers with travel bookings and itinerary planning.', 4, '2024-05-15'),
('Digital Marketing Specialist', 'CIN033849', 'Develop and implement digital marketing campaigns to drive customer engagement.', 3, '2024-05-20'),
('Business Development Executive', 'CIN033849', 'Identify and acquire new partnerships to expand business opportunities.', 2, '2024-05-25'),
 
('Software Engineer', 'CIN033862', 'Design and develop innovative software solutions.', 5, '2024-05-15'),
('Product Manager', 'CIN033862', 'Lead the development and launch of new Google products.', 3, '2024-05-20'),
('Data Analyst', 'CIN033862', 'Analyze complex data sets to provide insights for business decisions.', 2, '2024-05-25'),

('Software Engineer', 'CIN003201', 'Develop and maintain software applications using Microsoft technologies.', 4, '2024-05-15'),
('Cloud Engineer', 'CIN003201', 'Design and deploy cloud infrastructure solutions on Microsoft Azure.', 3, '2024-05-20'),
('Business Analyst', 'CIN003201', 'Extract and analyze data to provide insights for business decision-making.', 2, '2024-05-25'),

('Web Developer', 'CIN021764', 'Design and develop applications for iOS devices.', 5, '2024-05-15'),
('Hardware Engineer', 'CIN021764', 'Design and test hardware components for Apple products.', 3, '2024-05-20'),
('UI/UX Designer', 'CIN021764', 'Create intuitive and visually appealing user interfaces for Apple products.', 2, '2024-05-25'),

('Software Engineer', 'CIN019605', 'Develop scalable and reliable software solutions for Amazon services.', 4, '2024-05-15'),
('Product Manager', 'CIN019605', 'Define and execute product strategy for Amazon''s e-commerce platform.', 3, '2024-05-20'),
('Data Analyst', 'CIN019605', 'Analyze data to identify trends and insights for improving business performance.', 2, '2024-05-25'),
 
('Software Engineer', 'CIN017177', 'Develop and maintain software systems for Facebook applications.', 5, '2024-05-15'),
('Product Designer', 'CIN017177', 'Design intuitive and visually appealing user interfaces for Facebook products.', 3, '2024-05-20'),
('Data Analyst', 'CIN017177', 'Analyze user data to optimize product features and user experience.', 2, '2024-05-25'),

('Electrical Engineer', 'CIN123456', 'Design and develop electrical systems for Tesla vehicles.', 4, '2024-05-15'),
('Mechanical Engineer', 'CIN123456', 'Design and test mechanical components for Tesla vehicles.', 3, '2024-05-20'),
('Supply Chain Manager', 'CIN123456', 'Manage logistics and supply chain operations for Tesla products.', 2, '2024-05-25'),
 
('Content Creator', 'CIN345678', 'Develop original content for Netflix streaming platform.', 4, '2024-05-15'),
('Marketing Manager', 'CIN345678', 'Plan and execute marketing campaigns to promote Netflix content.', 3, '2024-05-20'),
('Data Analyst', 'CIN345678', 'Analyze viewer data to inform content acquisition and development decisions.', 2, '2024-05-25'),

('Electrical Engineer', 'CIN101010', 'Design and develop hardware components for Intel products.', 4, '2024-05-15'),
('Software Engineer', 'CIN101010', 'Develop software solutions for Intel processors and platforms.', 3, '2024-05-20'),
('Data Analyst', 'CIN101010', 'Analyze data to optimize performance and efficiency of Intel products.', 2, '2024-05-25');

('Software Engineer', 'CIN456789', 'Develop and maintain software products for Adobe Creative Cloud.', 5, '2024-05-15'),
('Product Manager', 'CIN456789', 'Define product roadmap and features for Adobe software products.', 3, '2024-05-20'),
('UX/UI Designer', 'CIN456789', 'Design user interfaces and experiences for Adobe software applications.', 2, '2024-05-25'),

('Software Developer', 'CIN678901', 'Develop enterprise software solutions using IBM technologies.', 4, '2024-05-15'),
('Project Manager', 'CIN678901', 'Manage software development projects and ensure timely delivery.', 2, '2024-05-25'),

('Software Engineer', 'CIN202020', 'Develop and maintain software systems for the Uber platform.', 5, '2024-05-15'),
('Product Manager', 'CIN202020', 'Define product roadmap and features for Uber services.', 3, '2024-05-20'),

('Cloud Engineer','CIN101010','Develop software solutions for Intel processors and platforms.', 3, '2024-05-20'),
('Cloud Engineer','CIN456789','Develop software solutions for Intel processors and platforms.', 5, '2024-05-20');






INSERT INTO Looks_For (User_ID, Job_Role, CIN_No) VALUES 
('USR017', 'Software Engineer', 'CIN456789'),
('USR017', 'Product Manager', 'CIN456789'),
('USR017', 'UX/UI Designer', 'CIN456789'),
('USR018', 'Software Developer', 'CIN678901'),
('USR018', 'Project Manager', 'CIN678901'),
('USR019', 'Software Engineer', 'CIN202020'),
('USR020', 'Software Engineer', 'CIN003201'),
('USR020', 'Cloud Engineer', 'CIN003201'),
('USR021', 'Web Developer', 'CIN021764'),
('USR021', 'Hardware Engineer', 'CIN021764'),
('USR021', 'Software Developer', 'CIN678901'),
('USR022', 'Software Engineer', 'CIN019605'),
('USR022', 'Product Manager', 'CIN019605'),
('USR022', 'Data Analyst', 'CIN019605'),
('USR023', 'Data Analyst', 'CIN019605'),
('USR023', 'Electrical Engineer', 'CIN123456'),
('USR024', 'Content Creator', 'CIN345678'),
('USR025', 'Software Developer', 'CIN678901'),
('USR025', 'Data Analyst', 'CIN101010'),
('USR026', 'Software Engineer', 'CIN456789'),
('USR026', 'Product Manager', 'CIN456789'),
('USR026', 'UX/UI Designer', 'CIN456789'),
('USR027', 'Software Developer', 'CIN678901'),
('USR027', 'Project Manager', 'CIN678901'),
('USR028', 'Software Engineer', 'CIN202020'),
('USR028', 'Product Manager', 'CIN202020'),
('USR029', 'Software Engineer', 'CIN003201'),
('USR029', 'Cloud Engineer', 'CIN003201'),
('USR030', 'Hardware Engineer', 'CIN021764'),
('USR001', 'Software Engineer', 'CIN033845'),
('USR001', 'Operations Manager', 'CIN033845'),
('USR002', 'Customer Support Executive', 'CIN033846'),
('USR002', 'Business Development Manager', 'CIN033846'),
('USR004', 'Business Analyst', 'CIN033848'),
('USR005', 'Travel Consultant', 'CIN033849'),
('USR005', 'Digital Marketing Specialist', 'CIN033849'),
('USR005', 'Business Development Executive', 'CIN033849'),
('USR006', 'Software Engineer', 'CIN033862'),
('USR006', 'Product Manager', 'CIN033862'),
('USR006', 'Data Analyst', 'CIN033862'),
('USR008', 'Web Developer', 'CIN021764'),
('USR008', 'Hardware Engineer', 'CIN021764'),
('USR008', 'UI/UX Designer', 'CIN021764'),
('USR009', 'Product Manager', 'CIN019605'),
('USR009', 'Data Analyst', 'CIN019605'),
('USR010', 'Data Analyst', 'CIN017177'),
('USR011', 'Electrical Engineer', 'CIN123456'),
('USR011', 'Mechanical Engineer', 'CIN123456'),
('USR011', 'Supply Chain Manager', 'CIN123456'),
('USR012', 'Content Creator', 'CIN345678'),
('USR012', 'Marketing Manager', 'CIN345678'),
('USR012', 'Data Analyst', 'CIN345678'),
('USR013', 'Electrical Engineer', 'CIN101010'),
('USR013', 'Software Engineer', 'CIN101010'),
('USR013', 'Data Analyst', 'CIN101010'),
('USR014', 'Software Engineer', 'CIN456789'),
('USR014', 'Product Manager', 'CIN456789'),
('USR014', 'UX/UI Designer', 'CIN456789'),
('USR015', 'Software Developer', 'CIN678901'),
('USR015', 'Project Manager', 'CIN678901'),
('USR016', 'Software Engineer', 'CIN202020');




INSERT INTO Skill_From_Edu (Education_ID, Skill_Name) VALUES
('EDU001', 'Networking'),
('EDU001', 'Time Management'),
('EDU002', 'Programming'),
('EDU002', 'Database Management'),
('EDU002', 'Problem Solving'),
('EDU003', 'Communication'),
('EDU003', 'Problem Solving'),
('EDU003', 'Time Management'),
('EDU003', 'Leadership'),
('EDU004', 'Marketing'),
('EDU004', 'Teamwork'),
('EDU004', 'Negotiation'),
('EDU005', 'Teamwork'),
('EDU005', 'Problem Solving'),
('EDU005', 'Leadership'),
('EDU006', 'Marketing'),
('EDU006', 'Communication'),
('EDU006', 'Problem Solving'),
('EDU006', 'Creativity'),
('EDU007', 'Decision Making'),
('EDU007', 'Problem Solving'),
('EDU007', 'Time Management'),
('EDU008', 'Marketing'),
('EDU008', 'Python'),
('EDU008', 'Problem Solving'),
('EDU008', 'Negotiation'),
('EDU061', 'Marketing'),
('EDU061', 'Teamwork'),
('EDU061', 'Problem Solving'),
('EDU061', 'Negotiation'),
('EDU009', 'Python'),
('EDU009', 'Problem Solving'),
('EDU009', 'Leadership'),
('EDU010', 'Programming'),
('EDU010', 'Database Management'),
('EDU010', 'Web Development'),
('EDU010', 'MATLAB'),
('EDU070', 'Programming'),
('EDU070', 'Networking'),
('EDU070', 'Web Development'),
('EDU070', 'Problem Solving'),
('EDU011', 'Communication'),
('EDU011', 'Problem Solving'),
('EDU012', 'Programming'),
('EDU012', 'Web Development'),
('EDU012', 'Problem Solving'),
('EDU013', 'Python'),
('EDU013', 'Problem Solving'),
('EDU013', 'Time Management'),
('EDU013', 'MATLAB'),
('EDU014', 'Marketing'),
('EDU014', 'Communication'),
('EDU014', 'MATLAB'),
('EDU014', 'Negotiation'),
('EDU071', 'Marketing'),
('EDU071', 'Communication'),
('EDU071', 'Problem Solving'),
('EDU071', 'Python'),
('EDU015', 'Python'),
('EDU015', 'Problem Solving'),
('EDU015', 'Time Management'),
('EDU016', 'MATLAB'),
('EDU016', 'Communication'),
('EDU017', 'CSS'),
('EDU017', 'Problem Solving'),
('EDU017', 'Time Management'),
('EDU017', 'Leadership'),
('EDU018', 'Negotiation'),
('EDU019', 'Python'),
('EDU019', 'Problem Solving'),
('EDU019', 'Leadership'),
('EDU020', 'Leadership'),
('EDU020', 'Networking'),
('EDU020', 'Problem Solving'),
('EDU020', 'Negotiation'),
('EDU021', 'Communication'),
('EDU021', 'Time Management'),
('EDU021', 'Leadership'),
('EDU022', 'Graphic Design'),
('EDU022', 'Problem Solving'),
('EDU022', 'MATLAB'),
('EDU073', 'Graphic Design'),
('EDU073', 'Creativity'),
('EDU073', 'Problem Solving'),
('EDU073', 'MATLAB'),
('EDU023', 'CSS'),
('EDU024', 'Programming'),
('EDU024', 'Database Management'),
('EDU024', 'Problem Solving'),
('EDU025', 'Communication'),
('EDU025', 'Time Management'),
('EDU025', 'Leadership'),
('EDU026', 'Python'),
('EDU026','CSS'),
('EDU026', 'Web Development'),
('EDU027', 'Leadership'),
('EDU028', 'Marketing'),
('EDU028', 'Communication'),
('EDU028', 'Problem Solving'),
('EDU029', 'MATLAB'),
('EDU029', 'Problem Solving'),
('EDU029', 'Time Management'),
('EDU029', 'Leadership'),
('EDU030', 'Communication'),
('EDU030', 'Empathy'),
('EDU031', 'Time Management'),
('EDU031', 'CSS'),
('EDU032', 'Programming'),
('EDU032', 'Database Management'),
('EDU032', 'Web Development'),
('EDU033', 'MATLAB'),
('EDU033', 'Time Management'),
('EDU033', 'Leadership'),
('EDU034', 'Problem Solving'),
('EDU034', 'Communication'),
('EDU034', 'MATLAB'),
('EDU035', 'MATLAB'),
('EDU035', 'Problem Solving'),
('EDU035', 'Time Management'),
('EDU035', 'Leadership'),
('EDU036', 'Communication'),
('EDU036', 'Creativity'),
('EDU037', 'Communication'),
('EDU037', 'Problem Solving'),
('EDU037', 'Time Management'),
('EDU037', 'Leadership'),
('EDU038', 'CSS'),
('EDU038', 'Empathy'),
('EDU039', 'Communication'),
('EDU039', 'Problem Solving'),
('EDU039', 'Leadership'),
('EDU040', 'Economics'),
('EDU040', 'Problem Solving'),
('EDU040', 'CSS'),
('EDU040', 'Critical Thinking'),
('EDU041', 'MATLAB'),
('EDU041', 'Problem Solving'),
('EDU041', 'Time Management'),
('EDU042', 'Programming'),
('EDU042', 'Web Development'),
('EDU042', 'Problem Solving'),
('EDU043', 'Communication'),
('EDU043', 'Problem Solving'),
('EDU043', 'Time Management'),
('EDU043', 'Leadership'),
('EDU044', 'Programming'),
('EDU044', 'Database Management'),
('EDU044', 'Web Development'),
('EDU045', 'CSS'),
('EDU045', 'Problem Solving'),
('EDU045', 'Leadership'),
('EDU046', 'Programming'),
('EDU046', 'MATLAB'),
('EDU046', 'Problem Solving'),
('EDU047', 'MATLAB'),
('EDU047', 'Problem Solving'),
('EDU047', 'Time Management'),
('EDU047', 'Leadership'),
('EDU048', 'Programming'),
('EDU048', 'Web Development'),
('EDU048', 'Problem Solving'),
('EDU049', 'Communication'),
('EDU049', 'Problem Solving'),
('EDU049', 'Time Management'),
('EDU049', 'Leadership'),
('EDU050', 'Programming'),
('EDU050', 'Web Development'),
('EDU050', 'MATLAB'),
('EDU051', 'Communication'),
('EDU051', 'Problem Solving'),
('EDU051', 'Time Management'),
('EDU051', 'Leadership'),
('EDU052', 'Programming'),
('EDU052', 'Database Management'),
('EDU052', 'Web Development'),
('EDU052', 'Problem Solving'),
('EDU053', 'MATLAB'),
('EDU053', 'Problem Solving'),
('EDU053', 'Time Management'),
('EDU053', 'Leadership'),
('EDU054', 'Programming'),
('EDU054', 'Database Management'),
('EDU054', 'Web Development'),
('EDU054', 'MATLAB'),
('EDU055', 'Communication'),
('EDU055', 'Problem Solving'),
('EDU055', 'Time Management'),
('EDU055', 'Leadership'),
('EDU056', 'Programming'),
('EDU056', 'Database Management'),
('EDU056', 'Web Development'),
('EDU056', 'Problem Solving'),
('EDU057', 'Communication'),
('EDU057', 'Problem Solving'),
('EDU057', 'Time Management'),
('EDU057', 'Leadership'),
('EDU058', 'Programming'),
('EDU058', 'Database Management'),
('EDU058', 'Web Development'),
('EDU058', 'Problem Solving'),
('EDU059', 'CSS'),
('EDU059', 'Problem Solving'),
('EDU059', 'Teamwork'),
('EDU059', 'MATLAB'),
('EDU060', 'MATLAB'),
('EDU060', 'Database Management'),
('EDU060', 'Web Development'),
('EDU060', 'C++');





INSERT INTO certificates (Credential_Id, User_Id, Certificate_Name, Issue_Date, Issuing_org, Expiration_Date) VALUES 
('CRED001', 'USR001', 'Full Stack Web Development Certificate', '2023-08-20', 'Codecademy', '2025-08-20'),
('CRED002', 'USR002', 'Front-End Web Development Certificate', '2024-02-10', 'Coursera', '2027-02-10'),
('CRED003', 'USR003', 'Back-End Web Development Certificate', '2022-10-15', 'edX',NULL),
('CRED004', 'USR003', 'Responsive Web Design Certificate', '2023-06-30', 'National Youth Theatre', '2024-06-30'),
('CRED005', 'USR005', 'JavaScript Development Certificate', '2024-03-25', 'TechCrunch', NULL),
('CRED006', 'USR006', 'HTML5 and CSS3 Certificate', '2023-04-18', 'Udemy', '2025-04-18'),
('CRED007', 'USR007', 'Machine Learning Fundamentals Certificate', '2022-12-05', 'Stanford University', '2025-12-05'),
('CRED008', 'USR008', 'Deep Learning Specialization Certificate', '2023-10-30', 'Coursera', '2027-10-30'),
('CRED009', 'USR008', 'Natural Language Processing Certificate', '2024-01-12', 'Royal Academy of Dramatic Art', '2025-01-12'),
('CRED010', 'USR010', 'Computer Vision Certificate', '2023-11-28', 'Google Developers', NULL),
('CRED011', 'USR011', 'Reinforcement Learning Certificate', '2022-08-22', 'Udacity', '2024-08-22'),
('CRED012', 'USR012', 'AI Ethics and Governance Certificate', '2023-02-15', 'MIT OpenCourseWare', '2026-02-15'),
('CRED013', 'USR013', 'Advanced Calculus Certificate', '2024-05-05', 'Khan Academy', '2028-05-05'),
('CRED014', 'USR013', 'Linear Algebra Certificate', '2023-07-10', 'Shakespeare''s Globe', '2024-07-10'),
('CRED015', 'USR013', 'Probability Theory Certificate', '2022-11-20', 'AngelHack', NULL),
('CRED016', 'USR016', 'Discrete Mathematics Certificate', '2023-09-18', 'freeCodeCamp', '2025-09-18'),
('CRED017', 'USR017', 'Numerical Analysis Certificate', '2024-03-05', 'DeepLearning.AI', '2028-03-05'),
('CRED018', 'USR008', 'Mathematical Modeling Certificate', '2022-12-30', 'DataCamp', '2026-12-30'),
('CRED019', 'USR019', 'Acting Technique Certificate', '2023-05-15', 'London Academy of Music and Dramatic Art', '2024-05-15'),
('CRED020', 'USR020', 'Stagecraft and Production Certificate', '2024-01-28', 'HackerRank', NULL),
('CRED021', 'USR021', 'Theater History Certificate', '2022-07-12', 'Pluralsight', '2024-07-12'),
('CRED022', 'USR022', 'Playwriting Certificate', '2023-01-20', 'Udacity', '2025-01-20'),
('CRED023', 'USR022', 'Directing for Theater Certificate', '2024-06-10', 'LinkedIn Learning', '2028-06-10'),
('CRED024', 'USR025', 'Theater Management Certificate', '2023-08-05', 'New York Film Academy', '2024-08-05'),
('CRED025', 'USR025', 'Cybersecurity Fundamentals Certificate', '2022-10-30', 'Codeforces', NULL),
('CRED026', 'USR026', 'Penetration Testing Certificate', '2023-12-18', 'LinkedIn Learning', '2025-12-18'),
('CRED038', 'USR026', 'Penetration Testing Certificate', '2023-12-18', 'LinkedIn Learning', '2025-12-18'),
('CRED027', 'USR027', 'Network Security Certificate', '2024-05-05', 'Google AI', '2028-05-05'),
('CRED028', 'USR028', 'Ethical Hacking Certification', '2022-11-30', 'MIT OpenCourseWare', '2025-11-30'),
('CRED029', 'USR029', 'Capture The Flag (CTF) Champion Certificate', '2023-10-15', 'HackerRank', NULL),
('CRED030', 'USR030', 'Security Analyst Certificate', '2023-07-20', 'Khan Academy', '2025-07-20'),
('CRED031', 'USR031', 'Data Science Fundamentals Certificate', '2022-09-18', 'Coursera', '2024-09-18'),
('CRED032', 'USR031', 'Data Visualization Certificate', '2023-08-10', 'Udemy', '2025-08-10'),
('CRED033', 'USR033', 'Big Data Analytics Certificate', '2024-04-05', 'Coursera', '2028-04-05'),
('CRED034', 'USR034', 'Predictive Analytics Certificate', '2022-12-20', 'DataCamp', NULL),
('CRED035', 'USR035', 'Data Engineering Certificate', '2023-11-15', 'edX', '2027-11-15');






INSERT INTO Request (Sent_By_UID, Sent_To_UID, Sent_Date, Status) VALUES
('USR001', 'USR002', '2023-07-11', 'Pending'),
('USR003', 'USR004', '2022-11-15', 'Accepted'),
('USR005', 'USR006', '2021-05-23', 'Pending'),
('USR007', 'USR008', '2020-02-18', 'Rejected'),
('USR009', 'USR010', '2019-08-05', 'Accepted'),
('USR011', 'USR012', '2018-09-30', 'Pending'),
('USR013', 'USR014', '2017-04-14', 'Accepted'),
('USR015', 'USR016', '2016-10-27', 'Pending'),
('USR017', 'USR018', '2015-12-03', 'Rejected'),
('USR019', 'USR020', '2014-03-24', 'Accepted'),
('USR021', 'USR022', '2013-07-19', 'Pending'),
('USR023', 'USR024', '2012-09-02', 'Accepted'),
('USR025', 'USR026', '2011-08-21', 'Pending'),
('USR027', 'USR028', '2010-01-12', 'Rejected'),
('USR029', 'USR030', '2009-06-08', 'Accepted'),
('USR031', 'USR032', '2008-02-25', 'Pending'),
('USR033', 'USR034', '2007-04-30', 'Accepted'),
('USR035', 'USR250', '2006-11-07', 'Pending'),
('USR251', 'USR252', '2005-09-14', 'Rejected'),
('USR253', 'USR254', '2004-08-03', 'Accepted'),
('USR255', 'USR256', '2003-05-29', 'Pending'),
('USR257', 'USR258', '2002-10-17', 'Accepted'),
('USR259', 'USR260', '2001-12-22', 'Pending'),
('USR261', 'USR262', '2000-03-10', 'Rejected'),
('USR001', 'USR003', '2023-10-02', 'Pending'),
('USR002', 'USR004', '2023-08-01', 'Accepted'),
('USR001', 'USR005', '2022-12-21', 'Pending'),
('USR002', 'USR006', '2010-05-12', 'Accepted'),
('USR001', 'USR007', '2018-11-28', 'Pending'),
('USR002', 'USR008', '1998-09-09', 'Accepted'),
('USR001', 'USR009', '2023-07-05', 'Pending'),
('USR002', 'USR010', '2023-06-09', 'Accepted'),
('USR001', 'USR011', '2023-03-17', 'Pending'),
('USR002', 'USR012', '2023-02-04', 'Accepted'),
('USR001', 'USR013', '2023-01-20', 'Pending'),
('USR002', 'USR014', '2023-05-30', 'Accepted'),
('USR001', 'USR015', '2023-04-14', 'Pending'),
('USR002', 'USR016', '2023-08-02', 'Accepted'),
('USR001', 'USR017', '2023-07-18', 'Pending'),
('USR002', 'USR018', '2023-05-25', 'Accepted'),
('USR001', 'USR019', '2023-04-09', 'Pending'),
('USR002', 'USR020', '2023-11-07', 'Accepted'),
('USR001', 'USR021', '2023-09-13', 'Pending'),
('USR002', 'USR022', '2023-03-24', 'Accepted'),
('USR001', 'USR023', '2023-08-29', 'Pending'),
('USR002', 'USR024', '2023-10-11', 'Accepted'),
('USR001', 'USR025', '2023-07-19', 'Pending'),
('USR002', 'USR026', '1998-10-03', 'Accepted'),
('USR001', 'USR027', '2023-11-25', 'Pending'),
('USR002', 'USR028', '2023-04-03', 'Accepted'),
('USR001', 'USR029', '2023-03-08', 'Pending'),
('USR002', 'USR030', '2023-09-30', 'Accepted'),
('USR001', 'USR031', '2023-02-14', 'Pending'),
('USR002', 'USR032', '2023-07-28', 'Accepted');
('USR001', 'USR033', '2023-04-01', 'Pending'),
('USR002', 'USR034', '1998-04-01', 'Accepted'),
('USR001', 'USR035', '2023-04-01', 'Pending'),
('USR002', 'USR250', '1998-04-01', 'Accepted'),
('USR001', 'USR251', '2023-04-01', 'Pending');





INSERT INTO User_Skill (Skill_Name, User_ID) VALUES
('Java', 'USR001'),
('C', 'USR001'),
('C++', 'USR001'),
('Python', 'USR001'),
('JavaScript', 'USR002'),
('Kotlin', 'USR002'),
('PHP', 'USR002'),
('Perl', 'USR002'),
('R', 'USR003'),
('SQL', 'USR003'),
('HTML', 'USR003'),
('CSS', 'USR003'),
('MATLAB', 'USR004'),
('Communication', 'USR004'),
('Teamwork', 'USR004'),
('Leadership', 'USR004'),
('Interpersonal Skills', 'USR005'),
('Negotiation', 'USR005'),
('Time Management', 'USR005'),
('Problem Solving', 'USR005'),
('Decision Making', 'USR006'),
('Creativity', 'USR006'),
('Empathy', 'USR006'),
('Critical Thinking', 'USR006'),
('Persuasion', 'USR007'),
('Networking', 'USR007'),
('Public Speaking', 'USR007'),
('Stress Management', 'USR008'),
('Cultural Awareness', 'USR008'),
('Programming', 'USR008'),
('Database Management', 'USR009'),
('Web Development', 'USR009'),
('Data Analysis', 'USR009'),
('Machine Learning', 'USR010'),
('Graphic Design', 'USR010'),
('Project Management', 'USR010'),
('Marketing', 'USR011'),
('Content Writing', 'USR011'),
('UI/UX Design', 'USR011'),
('Networking', 'USR012'),
('Cybersecurity', 'USR012'),
('Mobile App Development', 'USR012'),
('System Administration', 'USR013'),
('Cloud Computing', 'USR013'),
('Data Science', 'USR013'),
('Artificial Intelligence', 'USR014'),
('Video Editing', 'USR014'),
('Copywriting', 'USR014'),
('Robotics', 'USR015'),
('Blockchain', 'USR015'),
('Quantum Computing', 'USR015'),
('Natural Language Processing', 'USR016'),
('Internet of Things', 'USR016'),
('Ethical Hacking', 'USR016');






INSERT INTO Company_Followers (User_ID, CIN_No) VALUES  
('USR002', 'CIN033845'),
('USR003', 'CIN033845'),
('USR004', 'CIN033845'),
('USR005', 'CIN033845'),
('USR006', 'CIN033846'),
('USR007', 'CIN033846'),
('USR008', 'CIN033846'),
('USR009', 'CIN033847'),
('USR010', 'CIN033847'),
('USR011', 'CIN033847'),
('USR012', 'CIN033847'),
('USR013', 'CIN033847'),
('USR014', 'CIN033848'),
('USR015', 'CIN033848'),
('USR016', 'CIN033848'),
('USR017', 'CIN033848'),
('USR018', 'CIN033848'),
('USR019', 'CIN033849'),
('USR020', 'CIN033849'),
('USR021', 'CIN033849'),
('USR022', 'CIN033849'),
('USR023', 'CIN033849'),
('USR024', 'CIN033862'),
('USR025', 'CIN033862'),
('USR026', 'CIN033862'),
('USR027', 'CIN033862'),
('USR028', 'CIN033862'),
('USR029', 'CIN033862'),
('USR030', 'CIN033862'),
('USR031', 'CIN003201'),
('USR032', 'CIN003201'),
('USR033', 'CIN003201'),
('USR034', 'CIN003201'),
('USR035', 'CIN003201'),
('USR250', 'CIN003201'),
('USR251', 'CIN003201'),
('USR252', 'CIN003201'),
('USR253', 'CIN003201'),
('USR254', 'CIN003201'),
('USR255', 'CIN003201'),
('USR256', 'CIN003201'),
('USR257', 'CIN003201'),
('USR258', 'CIN003201'),
('USR259', 'CIN003201'),
('USR260', 'CIN003201'),
('USR261', 'CIN003201'),
('USR262', 'CIN003201'),
('USR001', 'CIN033845'),
('USR002', 'CIN033846'),
('USR003', 'CIN033847'),
('USR004', 'CIN033848'),
('USR005', 'CIN033849'),
('USR006', 'CIN033862'),
('USR007', 'CIN003201'),
('USR008', 'CIN021764'),
('USR009', 'CIN019605'),
('USR010', 'CIN017177'),
('USR011', 'CIN123456'),
('USR012', 'CIN234567'),
('USR013', 'CIN345678'),
('USR014', 'CIN456789'),
('USR015', 'CIN678901'),
('USR016', 'CIN789012'),
('USR017', 'CIN890123'),
('USR018', 'CIN901234'),
('USR019', 'CIN012345'),
('USR020', 'CIN101010'),
('USR021', 'CIN202020'),
('USR022', 'CIN303030'),
('USR023', 'CIN404040'),
('USR024', 'CIN505050'),
('USR025', 'CIN606060'),
('USR026', 'CIN707070'),
('USR027', 'CIN808080'),
('USR028', 'CIN909090'),
('USR029', 'CIN919191'),
('USR030', 'CIN929292'),
('USR031', 'CIN939393'),
('USR032', 'CIN949494'),
('USR033', 'CIN959595'),
('USR034', 'CIN969696'),
('USR035', 'CIN979797');




INSERT INTO Skill_Endorsed_By (Skill_Name, User_ID, Endorsed_From) VALUES
('Java', 'USR001', 'USR002'),
('Java', 'USR001', 'USR005'),
('Java', 'USR001', 'USR007'),
('Java', 'USR001', 'USR009'),
('Java', 'USR001', 'USR010'),
('Java', 'USR001', 'USR015'),
('Java', 'USR001', 'USR020'),
('C', 'USR001', 'USR250'),
('C', 'USR001', 'USR251'),
('C', 'USR001', 'USR252'),
('C', 'USR001', 'USR253'),
('C++', 'USR001', 'USR004'),
('C++', 'USR001', 'USR006'),
('C++', 'USR001', 'USR008'),
('C++', 'USR001', 'USR018'),
('Python', 'USR001', 'USR021'),
('Python', 'USR001', 'USR022'),
('Python', 'USR001', 'USR024'),
('Python', 'USR001', 'USR025'),
('JavaScript', 'USR002', 'USR001'),
('JavaScript', 'USR002', 'USR252'),
('JavaScript', 'USR002', 'USR256'),
('JavaScript', 'USR002', 'USR257'),
('JavaScript', 'USR002', 'USR260'),
('Kotlin', 'USR002', 'USR035'),
('Kotlin', 'USR002', 'USR034'),
('Kotlin', 'USR002', 'USR033'),
('Kotlin', 'USR002', 'USR032'),
('PHP', 'USR002', 'USR001'),
('PHP', 'USR002', 'USR007'),
('PHP', 'USR002', 'USR014'),
('Perl', 'USR002', 'USR015'),
('Perl', 'USR002', 'USR018'),
('R', 'USR003', 'USR035'),
('SQL', 'USR003', 'USR034'),
('HTML', 'USR003', 'USR009'),
('CSS', 'USR003', 'USR010'),
('MATLAB', 'USR004', 'USR011'),
('Communication', 'USR004', 'USR018'),
('Teamwork', 'USR004', 'USR252'),
('Leadership', 'USR004', 'USR256'),
('Interpersonal Skills', 'USR005', 'USR257'),
('Negotiation', 'USR005', 'USR258'),
('Time Management', 'USR005', 'USR259'),
('Problem Solving', 'USR005', 'USR260'),
('Decision Making', 'USR006', 'USR258'),
('Creativity', 'USR006', 'USR254'),
('Empathy', 'USR006', 'USR262'),
('Critical Thinking', 'USR006', 'USR258'),
('Persuasion', 'USR007', 'USR257'),
('Networking', 'USR007', 'USR258'),
('Public Speaking', 'USR007', 'USR003'),
('Stress Management', 'USR008', 'USR258'),
('Cultural Awareness', 'USR008', 'USR250'),
('Programming', 'USR008', 'USR258'),
('Database Management', 'USR009', 'USR035'),
('C++','USR022', 'USR033'),
('C++','USR022', 'USR027'),
('C++','USR022', 'USR012'),
('C++','USR022', 'USR010'),
('C++','USR022', 'USR015'),
('C++','USR022', 'USR021'),
('C++','USR026', 'USR001'),
('C++','USR026', 'USR002'),
('C++','USR026', 'USR004'),
('C++','USR026', 'USR007'),
('C++','USR016', 'USR022'),
('C++','USR016', 'USR026');
('Web Development', 'USR009', 'USR036'),
('Data Analysis', 'USR009', 'USR037'),
('Machine Learning', 'USR010', 'USR038'),
('Graphic Design', 'USR010', 'USR039'),
('Project Management', 'USR010', 'USR040');





INSERT INTO Post (Post_ID, User_ID, Created_Date, Updated_Date, Description) VALUES 
('PST001', 'USR001', '2005-04-01', '2010-04-02', 'Excited to share updates about my work as a Software Engineer.'),
('PST002', 'USR002', '2010-04-02', '2015-04-03', 'Discussing latest trends in digital marketing.'),
('PST003', 'USR003', '2015-04-03', '2015-04-03', 'Analyzing data insights for business growth.'),
('PST004', 'USR004', '2020-04-04', '2024-04-05', 'Sharing insights on HR practices and employee relations.'),
('PST005', 'USR005', '2003-04-05', '2008-04-06', 'Working on web development projects, exciting times ahead!'),
('PST006', 'USR006', '2008-04-06', '2013-04-07', 'Delving into the world of investment banking.'),
('PST007', 'USR007', '2013-04-07', '2018-04-08', 'Celebrating sales achievements and setting new goals.'),
('PST008', 'USR008', '2018-04-08', '2023-04-09', 'Exploring new design ideas and inspirations.'),
('PST009', 'USR009', '2001-04-09', '2006-04-10', 'Optimizing logistics operations for better efficiency.'),
('PST010', 'USR010', '2006-04-10', '2011-04-11', 'Sharing insights on talent acquisition strategies.'),
('PST011', 'USR011', '2011-04-11', '2016-04-12', 'Product development journey and future plans.'),
('PST012', 'USR012', '2016-04-12', '2021-04-13', 'Designing scalable software solutions for complex problems.'),
('PST013', 'USR013', '2004-04-13', '2004-04-13', 'Latest updates on digital marketing trends.'),
('PST014', 'USR014', '2009-04-14', '2014-04-15', 'Crafting compelling content stories.'),
('PST015', 'USR015', '2014-04-15', '2019-04-16', 'Forecasting financial trends and market insights.'),
('PST016', 'USR016', '2019-04-16', '2024-04-17', 'User-centric design principles and UX/UI trends.'),
('PST017', 'USR017', '2002-04-17', '2007-04-18', 'Leading cross-functional teams to success.'),
('PST018', 'USR018', '2007-04-18', '2012-04-19', 'Harnessing machine learning for data insights.'),
('PST019', 'USR019', '2012-04-19', '2012-04-19', 'Business development strategies for client acquisition.'),
('PST020', 'USR020', '2017-04-20', '2022-04-21', 'Updates on full-stack development projects.'),
('PST021', 'USR021', '2000-04-21', '2005-04-22', 'Employee engagement initiatives for organizational success.'),
('PST022', 'USR022', '2005-04-22', '2010-04-23', 'Social media management tips and tricks.'),
('PST023', 'USR023', '2010-04-23', '2015-04-24', 'Crafting brand narratives for effective storytelling.'),
('PST024', 'USR024', '2015-04-24', '2020-04-25', 'Visualizing data trends for better decision-making.'),
('PST025', 'USR025', '2020-04-25', '2024-04-26', 'Managing digital marketing campaigns for brand success.'),
('PST250', 'USR250', '2003-05-01', '2003-05-01', 'Sharing insights on software engineering and problem-solving techniques.'),
('PST251', 'USR251', '2006-05-02', '2011-05-03', 'Discussing strategies for digital marketing success.'),
('PST252', 'USR252', '2011-05-03', '2016-05-04', 'Insights into strategic financial planning and analysis.'),
('PST253', 'USR253', '2016-05-04', '2021-05-05', 'Inspiring the next generation through passionate teaching.'),
('PST254', 'USR254', '2002-05-05', '2007-05-06', 'Exploring creativity in graphic design.'),
('PST255', 'USR255', '2007-05-06', '2012-05-07', 'Dedicated to providing compassionate healthcare services.'),
('PST256', 'USR256', '2012-05-07', '2017-05-08', 'Exploring new technologies and innovations.'),
('PST257', 'USR257', '1999-05-08', '2004-05-09', 'Innovative fashion design and style trends.'),
('PST258', 'USR258', '2004-05-09', '2009-05-10', 'Protecting the environment through scientific research.'),
('PST259', 'USR259', '2009-05-10', '2014-05-11', 'Exploring the world and sharing travel experiences.'),
('PST260', 'USR260', '2014-05-11', '2014-05-11', 'Empowering individuals to lead a healthy lifestyle.'),
('PST261', 'USR261', '1998-05-12', '2003-05-13', 'Helping companies achieve their business goals.'),
('PST262', 'USR262', '2003-05-13', '2008-05-14', 'Delivering accurate and compelling news stories.'),
('PST026', 'USR001', '2010-04-02', '2010-04-02', 'Sharing my experience with new software development methodologies.'),
('PST027', 'USR262', '2015-04-03', '2020-04-04', 'Exploring advanced digital marketing strategies for better engagement.'),
('PST028', 'USR003', '2020-04-04', '2024-04-05', 'Teaching data analysis techniques to enhance business decision-making.'),
('PST029', 'USR004', '2003-04-05', '2003-04-05', 'Improving employee relations through effective HR policies.'),
('PST030', 'USR005', '2008-04-06', '2013-04-07', 'Innovative approaches to web development for better user experiences.'),
('PST031', 'USR252', '2013-04-07', '2018-04-08', 'Exploring investment opportunities in emerging markets.'),
('PST032', 'USR007', '2018-04-08', '2023-04-09', 'Setting new sales targets and strategies for the next quarter.'),
('PST033', 'USR008', '2001-04-09', '2006-04-10', 'Finding inspiration from nature for design projects.'),
('PST034', 'USR258', '2006-04-10', '2011-04-11', 'Implementing lean principles in logistics operations for cost savings.'),
('PST035', 'USR010', '2011-04-11', '2011-04-11', 'Discussing the importance of employer branding in talent acquisition.'),
('PST036', 'USR011', '2016-04-12', '2021-04-13', 'Sharing insights into the future of product development.'),
('PST037', 'USR012', '2004-04-13', '2009-04-14', 'Incorporating user feedback into software design processes.'),
('PST038', 'USR013', '2009-04-14', '2014-04-15', 'Exploring content marketing strategies for better audience engagement.'),
('PST039', 'USR260', '2014-04-15', '2019-04-16', 'Analyzing the impact of content marketing on brand awareness.'),
('PST040', 'USR015', '2019-04-16', '2024-04-17', 'Predicting financial market trends using advanced data analytics techniques.'),
('PST041', 'USR016', '2002-04-17', '2007-04-18', 'Creating seamless user experiences through intuitive design.'),
('PST042', 'USR020', '2007-04-18', '2007-04-18', 'Leading successful project collaborations across departments.'),
('PST043', 'USR018', '2012-04-19', '2017-04-20', 'Applying machine learning algorithms to customer data for personalized recommendations.'),
('PST044', 'USR025', '2017-04-20', '2022-04-21', 'Expanding business networks through strategic partnerships and collaborations.');





INSERT INTO Experience (Experience_ID, User_ID, CIN_No, Experience_Field, Start_Date, End_Date, Description) VALUES

('EXP001', 'USR001', 'CIN033848', 'Software Engineer Intern', '2013-06-01', '2014-05-31', 'Internship at Infosys Limited'),
('EXP002', 'USR001', 'CIN033862', 'Software Developer', '2014-06-01', '2017-05-31', 'Full-time employment at Google'),

('EXP003', 'USR002', 'CIN033846', 'Intern', '2013-06-01', '2014-05-31', 'Internship at Ola Cabs'),
('EXP004', 'USR002', 'CIN033848', 'Marketing Intern', '2014-06-01', '2017-05-31', 'Internship at Infosys Limited'),

('EXP005', 'USR003', 'CIN033849', 'Data Analyst Intern', '2013-06-01', '2014-05-31', 'Internship at MakeMyTrip'),
('EXP006', 'USR003', 'CIN003201', 'Product Manager', '2014-06-01', '2017-05-31', 'Full-time employment at Microsoft'),

('EXP007', 'USR004', 'CIN033848', 'Business Analyst Intern', '2013-06-01', '2014-05-31', 'Internship at Infosys Limited'),
('EXP008', 'USR004', 'CIN033847', 'Business Development Associate', '2014-06-01', '2017-05-31', 'Full-time employment at Byju''s'),

('EXP009', 'USR005', 'CIN890123', 'Software Developer Intern', '2013-06-01', '2014-05-31', 'Internship at Oracle'),
('EXP010', 'USR005', 'CIN003201', 'Software Engineer', '2014-06-01', '2017-05-31', 'Full-time employment at Microsoft'),

('EXP011', 'USR006', 'CIN033847', 'Marketing Intern', '2013-06-01', '2014-05-31', 'Internship at Byju''s'),
('EXP012', 'USR006', 'CIN033845', 'Electrical Engineer', '2014-06-01', '2017-05-31', 'Full-time employment at Zomato'),

('EXP037', 'USR007', 'CIN033849', 'Data Analyst Intern', '2014-06-01', '2015-05-31', 'Internship at MakeMyTrip'),
('EXP038', 'USR007', 'CIN003201', 'Data Scientist', '2015-06-01', '2018-05-31', 'Full-time employment at Microsoft'),

('EXP039', 'USR008', 'CIN404404', 'Software Engineer Intern', '2014-06-01', '2015-05-31', 'Internship at Morgan Stanely'),
('EXP040', 'USR008', 'CIN003201', 'Software Developer', '2015-06-01', '2018-05-31', 'Full-time employment at Microsoft'),

('EXP041', 'USR009', 'CIN666666', 'Marketing Intern', '2014-06-01', '2015-05-31', 'Internship at Deutsche Bank'),
('EXP042', 'USR009', 'CIN222222', 'Marketing Manager', '2015-06-01', '2018-05-31', 'Full-time employment at D.E.Shaw'),

('EXP043', 'USR010', 'CIN033849', 'Business Analyst Intern', '2014-06-01', '2015-05-31', 'Internship at MakeMyTrip'),
('EXP044', 'USR010', 'CIN003201', 'Business Analyst', '2015-06-01', '2018-05-31', 'Full-time employment at Walmart'),

('EXP045', 'USR011', 'CIN033849', 'HR Intern', '2014-06-01', '2015-05-31', 'Internship at MakeMyTrip'),
('EXP046', 'USR011', 'CIN033862', 'HR Manager', '2015-06-01', '2018-05-31', 'Full-time employment at Google'),

('EXP047', 'USR012', 'CIN456789', 'Graphic Designer Intern', '2014-06-01', '2015-05-31', 'Internship at Adobe'),
('EXP048', 'USR012', 'CIN456789', 'Graphic Designer', '2015-06-01', '2018-05-31', 'Full-time employment at Adobe'),

('EXP013', 'USR013', 'CIN202020', 'Accounting Intern', '2014-06-01', '2015-05-31', 'Internship at Uber'),
('EXP014', 'USR013', 'CIN003201', 'Accountant', '2015-06-01', '2018-05-31', 'Full-time employment at Microsoft'),

('EXP015', 'USR014', 'CIN919191', 'Legal Intern', '2014-06-01', '2015-05-31', 'Internship at Walmart'),
('EXP016', 'USR014', 'CIN678901', 'Legal Consultant', '2015-06-01', '2018-05-31', 'Full-time employment at IBM'),

('EXP017', 'USR015', 'CIN033862', 'Software Engineer Intern', '2014-06-01', '2015-05-31', 'Internship at Google'),
('EXP018', 'USR015', 'CIN003201', 'Software Engineer', '2015-06-01', '2018-05-31', 'Full-time employment at Microsoft'),

('EXP019', 'USR016', 'CIN345678', 'Marketing Intern', '2014-06-01', '2015-05-31', 'Internship at Netflix'),
('EXP020', 'USR016', 'CIN202020', 'Marketing Manager', '2015-06-01', '2018-05-31', 'Full-time employment at Ford'),

('EXP021', 'USR017', 'CIN033849', 'Data Analyst Intern', '2014-06-01', '2015-05-31', 'Internship at MakeMyTrip'),
('EXP022', 'USR017', 'CIN003201', 'Data Analyst', '2015-06-01', '2018-05-31', 'Full-time employment at Microsoft'),

('EXP023', 'USR018', 'CIN033849', 'Business Analyst Intern', '2014-06-01', '2015-05-31', 'Internship at MakeMyTrip'),
('EXP024', 'USR018', 'CIN003201', 'Business Analyst', '2015-06-01', '2018-05-31', 'Full-time employment at Microsoft'),

('EXP025', 'USR019', 'CIN202020', 'HR Intern', '2014-06-01', '2015-05-31', 'Internship at Ford'),
('EXP026', 'USR019', 'CIN003201', 'HR Manager', '2015-06-01', '2018-05-31', 'Full-time employment at Microsoft'),

('EXP027', 'USR020', 'CIN033849', 'Graphic Designer Intern', '2014-06-01', '2015-05-31', 'Internship at MakeMyTrip'),
('EXP028', 'USR020', 'CIN707070', 'Graphic Designer', '2015-06-01', '2018-05-31', 'Full-time employment at Walt Disney'),

('EXP029', 'USR021', 'CIN707070', 'Accounting Intern', '2014-06-01', '2015-05-31', 'Internship at Walt Disney'),
('EXP030', 'USR021', 'CIN003201', 'Accountant', '2015-06-01', '2018-05-31', 'Full-time employment at Microsoft'),

('EXP031', 'USR022', 'CIN033849', 'Legal Intern', '2014-06-01', '2015-05-31', 'Internship at MakeMyTrip'),
('EXP032', 'USR022', 'CIN003201', 'Legal Consultant', '2015-06-01', '2018-05-31', 'Full-time employment at Microsoft'),

('EXP033', 'USR023', 'CIN202020', 'Software Engineer Intern', '2014-06-01', '2015-05-31', 'Internship at Uber'),
('EXP034', 'USR023', 'CIN003201', 'Software Engineer', '2015-06-01', '2018-05-31', 'Full-time employment at Microsoft'),

('EXP035', 'USR024', 'CIN033849', 'Marketing Intern', '2014-06-01', '2015-05-31', 'Internship at MakeMyTrip'),
('EXP036', 'USR024', 'CIN003201', 'Marketing Manager', '2015-06-01', '2018-05-31', 'Full-time employment at Microsoft'),

('EXP050', 'USR025', 'CIN017177', 'Data Analyst Intern', '2014-06-01', '2015-05-31', 'Internship at Facebook'),
('EXP051', 'USR025', 'CIN003201', 'Data Analyst', '2015-06-01', '2018-05-31', 'Full-time employment at Microsoft'),

('EXP052', 'USR026', 'CIN012345', 'Business Analyst Intern', '2014-06-01', '2015-05-31', 'Internship at LinkedIn'),
('EXP053', 'USR026', 'CIN017177', 'Business Analyst', '2015-06-01', '2018-05-31', 'Full-time employment at Facebook'),

('EXP054', 'USR027', 'CIN033849', 'HR Intern', '2014-06-01', '2015-05-31', 'Internship at MakeMyTrip'),
('EXP055', 'USR027', 'CIN003201', 'HR Manager', '2015-06-01', '2018-05-31', 'Full-time employment at Microsoft'),

('EXP056', 'USR028', 'CIN033849', 'Graphic Designer Intern', '2014-06-01', '2015-05-31', 'Internship at MakeMyTrip'),
('EXP057', 'USR028', 'CIN033845', 'Graphic Designer', '2015-06-01', '2018-05-31', 'Full-time employment at Zomato'),

('EXP058', 'USR029', 'CIN404040', 'Accounting Intern', '2014-06-01', '2015-05-31', 'Internship at Ford'),
('EXP059', 'USR029', 'CIN979797', 'Accountant', '2015-06-01', '2018-05-31', 'Full-time employment at McDonald');





-- SKILL FROM EXPERIENCE

INSERT INTO Skill_From_Exp (Experience_ID, Skill_Name) VALUES
('EXP001', 'Java'),
('EXP001', 'Python'),
('EXP001', 'SQL'),
('EXP002', 'Java'),
('EXP002', 'Python'),
('EXP002', 'JavaScript'),
('EXP002', 'HTML'),
('EXP003', 'Java'),
('EXP003', 'Python'),
('EXP004', 'Marketing'),
('EXP005', 'SQL'),
('EXP005', 'Python'),
('EXP006', 'Leadership'),
('EXP007', 'SQL'),
('EXP008', 'Negotiation'),
('EXP009', 'Java'),
('EXP009', 'Python'),
('EXP010', 'Java'),
('EXP010', 'Python'),
('EXP011', 'Marketing'),
('EXP012', 'Leadership'),
('EXP013', 'Java'),
('EXP014', 'Python'),
('EXP015', 'Content Writing'),
('EXP016', 'Content Writing'),
('EXP017', 'Java'),
('EXP017', 'Python'),
('EXP018', 'Java'),
('EXP018', 'Python'),
('EXP019', 'Marketing'),
('EXP020', 'Marketing'),
('EXP021', 'SQL'),
('EXP022', 'SQL'),
('EXP023', 'Negotiation'),
('EXP024', 'Negotiation'),
('EXP025', 'Decision Making'),
('EXP026', 'Database Management'),
('EXP027', 'Graphic Design'),
('EXP028', 'Graphic Design'),
('EXP029', 'C++'),
('EXP030', 'Leadership'),
('EXP031', 'Decision Making'),
('EXP032', 'Public Speaking'),
('EXP033', 'Java'),
('EXP033', 'Python'),
('EXP034', 'Java'),
('EXP034', 'Python'),
('EXP035', 'Marketing'),
('EXP036', 'Marketing'),
('EXP037', 'SQL'),
('EXP038', 'Data Analysis'),
('EXP039', 'Java'),
('EXP039', 'Python'),
('EXP040', 'Java'),
('EXP040', 'Python'),
('EXP041', 'Marketing'),
('EXP042', 'Marketing'),
('EXP043', 'SQL'),
('EXP044', 'SQL'),
('EXP045', 'Critical Thinking'),
('EXP046', 'Decision Making'),
('EXP047', 'Graphic Design'),
('EXP048', 'Graphic Design'),
('EXP050', 'Data Analysis'),
('EXP051', 'Data Analysis'),
('EXP052', 'Negotiation'),
('EXP053', 'Negotiation'),
('EXP056', 'Graphic Design'),
('EXP057', 'Graphic Design');
